,X,year,month,yweek,mweek,yday,mday,hour,minute,weekday,bizday,season,values,week,monthweek
1,1,2015,Mar,10,2,68,9,0,0,Monday,TRUE,Winter,Begin of Candidature,10,2
2,2,2015,Mar,10,2,69,10,0,0,Tuesday,TRUE,Winter, ,10,2
3,3,2015,Mar,10,2,70,11,0,0,Wednesday,TRUE,Winter, ,10,2
4,4,2015,Mar,11,2,71,12,0,0,Thursday,TRUE,Winter, ,10,2
5,5,2015,Mar,11,2,72,13,0,0,Friday,TRUE,Winter, ,10,2
6,6,2015,Mar,11,2,73,14,0,0,Saturday,FALSE,Winter, ,10,2
7,7,2015,Mar,11,3,74,15,0,0,Sunday,FALSE,Spring, ,10,3
8,8,2015,Mar,11,3,75,16,0,0,Monday,TRUE,Spring, ,11,3
9,9,2015,Mar,11,3,76,17,0,0,Tuesday,TRUE,Spring, ,11,3
10,10,2015,Mar,11,3,77,18,0,0,Wednesday,TRUE,Spring, ,11,3
11,11,2015,Mar,12,3,78,19,0,0,Thursday,TRUE,Spring, ,11,3
12,12,2015,Mar,12,3,79,20,0,0,Friday,TRUE,Spring, ,11,3
13,13,2015,Mar,12,3,80,21,0,0,Saturday,FALSE,Spring, ,11,3
14,14,2015,Mar,12,4,81,22,0,0,Sunday,FALSE,Spring, ,11,4
15,15,2015,Mar,12,4,82,23,0,0,Monday,TRUE,Spring, ,12,4
16,16,2015,Mar,12,4,83,24,0,0,Tuesday,TRUE,Spring, ,12,4
17,17,2015,Mar,12,4,84,25,0,0,Wednesday,TRUE,Spring, ,12,4
18,18,2015,Mar,13,4,85,26,0,0,Thursday,TRUE,Spring, ,12,4
19,19,2015,Mar,13,4,86,27,0,0,Friday,TRUE,Spring, ,12,4
20,20,2015,Mar,13,4,87,28,0,0,Saturday,FALSE,Spring, ,12,4
21,21,2015,Mar,13,5,88,29,0,0,Sunday,FALSE,Spring, ,12,5
22,22,2015,Mar,13,5,89,30,0,0,Monday,TRUE,Spring, ,13,5
23,23,2015,Mar,13,5,90,31,0,0,Tuesday,TRUE,Spring,Research Plan Review,13,5
24,24,2015,Apr,13,1,91,1,0,0,Wednesday,TRUE,Spring, ,13,1
25,25,2015,Apr,14,1,92,2,0,0,Thursday,TRUE,Spring, ,13,1
26,26,2015,Apr,14,1,93,3,0,0,Friday,FALSE,Spring, ,13,1
27,27,2015,Apr,14,1,94,4,0,0,Saturday,FALSE,Spring, ,13,1
28,28,2015,Apr,14,2,95,5,0,0,Sunday,FALSE,Spring, ,13,2
29,29,2015,Apr,14,2,96,6,0,0,Monday,TRUE,Spring, ,14,2
30,30,2015,Apr,14,2,97,7,0,0,Tuesday,TRUE,Spring, ,14,2
31,31,2015,Apr,14,2,98,8,0,0,Wednesday,TRUE,Spring, ,14,2
32,32,2015,Apr,15,2,99,9,0,0,Thursday,TRUE,Spring, ,14,2
33,33,2015,Apr,15,2,100,10,0,0,Friday,TRUE,Spring, ,14,2
34,34,2015,Apr,15,2,101,11,0,0,Saturday,FALSE,Spring, ,14,2
35,35,2015,Apr,15,3,102,12,0,0,Sunday,FALSE,Spring, ,14,3
36,36,2015,Apr,15,3,103,13,0,0,Monday,TRUE,Spring, ,15,3
37,37,2015,Apr,15,3,104,14,0,0,Tuesday,TRUE,Spring, ,15,3
38,38,2015,Apr,15,3,105,15,0,0,Wednesday,TRUE,Spring, ,15,3
39,39,2015,Apr,16,3,106,16,0,0,Thursday,TRUE,Spring, ,15,3
40,40,2015,Apr,16,3,107,17,0,0,Friday,TRUE,Spring, ,15,3
41,41,2015,Apr,16,3,108,18,0,0,Saturday,FALSE,Spring, ,15,3
42,42,2015,Apr,16,4,109,19,0,0,Sunday,FALSE,Spring, ,15,4
43,43,2015,Apr,16,4,110,20,0,0,Monday,TRUE,Spring, ,16,4
44,44,2015,Apr,16,4,111,21,0,0,Tuesday,TRUE,Spring, ,16,4
45,45,2015,Apr,16,4,112,22,0,0,Wednesday,TRUE,Spring, ,16,4
46,46,2015,Apr,17,4,113,23,0,0,Thursday,TRUE,Spring, ,16,4
47,47,2015,Apr,17,4,114,24,0,0,Friday,TRUE,Spring, ,16,4
48,48,2015,Apr,17,4,115,25,0,0,Saturday,FALSE,Spring, ,16,4
49,49,2015,Apr,17,5,116,26,0,0,Sunday,FALSE,Spring, ,16,5
50,50,2015,Apr,17,5,117,27,0,0,Monday,TRUE,Spring, ,17,5
51,51,2015,Apr,17,5,118,28,0,0,Tuesday,TRUE,Spring, ,17,5
52,52,2015,Apr,17,5,119,29,0,0,Wednesday,TRUE,Spring, ,17,5
53,53,2015,Apr,18,5,120,30,0,0,Thursday,TRUE,Spring, ,17,5
54,54,2015,May,18,1,121,1,0,0,Friday,TRUE,Spring, ,17,1
55,55,2015,May,18,1,122,2,0,0,Saturday,FALSE,Spring, ,17,1
56,56,2015,May,18,2,123,3,0,0,Sunday,FALSE,Spring, ,17,2
57,57,2015,May,18,2,124,4,0,0,Monday,TRUE,Spring, ,18,2
58,58,2015,May,18,2,125,5,0,0,Tuesday,TRUE,Spring, ,18,2
59,59,2015,May,18,2,126,6,0,0,Wednesday,TRUE,Spring, ,18,2
60,60,2015,May,19,2,127,7,0,0,Thursday,TRUE,Spring, ,18,2
61,61,2015,May,19,2,128,8,0,0,Friday,TRUE,Spring, ,18,2
62,62,2015,May,19,2,129,9,0,0,Saturday,FALSE,Spring, ,18,2
63,63,2015,May,19,3,130,10,0,0,Sunday,FALSE,Spring, ,18,3
64,64,2015,May,19,3,131,11,0,0,Monday,TRUE,Spring, ,19,3
65,65,2015,May,19,3,132,12,0,0,Tuesday,TRUE,Spring, ,19,3
66,66,2015,May,19,3,133,13,0,0,Wednesday,TRUE,Spring, ,19,3
67,67,2015,May,20,3,134,14,0,0,Thursday,TRUE,Spring, ,19,3
68,68,2015,May,20,3,135,15,0,0,Friday,TRUE,Spring, ,19,3
69,69,2015,May,20,3,136,16,0,0,Saturday,FALSE,Spring, ,19,3
70,70,2015,May,20,4,137,17,0,0,Sunday,FALSE,Spring, ,19,4
71,71,2015,May,20,4,138,18,0,0,Monday,TRUE,Spring, ,20,4
72,72,2015,May,20,4,139,19,0,0,Tuesday,TRUE,Spring, ,20,4
73,73,2015,May,20,4,140,20,0,0,Wednesday,TRUE,Spring, ,20,4
74,74,2015,May,21,4,141,21,0,0,Thursday,TRUE,Spring, ,20,4
75,75,2015,May,21,4,142,22,0,0,Friday,TRUE,Spring, ,20,4
76,76,2015,May,21,4,143,23,0,0,Saturday,FALSE,Spring, ,20,4
77,77,2015,May,21,5,144,24,0,0,Sunday,FALSE,Spring, ,20,5
78,78,2015,May,21,5,145,25,0,0,Monday,FALSE,Spring, ,21,5
79,79,2015,May,21,5,146,26,0,0,Tuesday,TRUE,Spring, ,21,5
80,80,2015,May,21,5,147,27,0,0,Wednesday,TRUE,Spring, ,21,5
81,81,2015,May,22,5,148,28,0,0,Thursday,TRUE,Spring, ,21,5
82,82,2015,May,22,5,149,29,0,0,Friday,TRUE,Spring, ,21,5
83,83,2015,May,22,5,150,30,0,0,Saturday,FALSE,Spring, ,21,5
84,84,2015,May,22,6,151,31,0,0,Sunday,FALSE,Spring, ,21,6
85,85,2015,Jun,22,1,152,1,0,0,Monday,TRUE,Spring, ,22,1
86,86,2015,Jun,22,1,153,2,0,0,Tuesday,TRUE,Spring, ,22,1
87,87,2015,Jun,22,1,154,3,0,0,Wednesday,TRUE,Spring, ,22,1
88,88,2015,Jun,23,1,155,4,0,0,Thursday,TRUE,Spring, ,22,1
89,89,2015,Jun,23,1,156,5,0,0,Friday,TRUE,Spring, ,22,1
90,90,2015,Jun,23,1,157,6,0,0,Saturday,FALSE,Spring, ,22,1
91,91,2015,Jun,23,2,158,7,0,0,Sunday,FALSE,Spring, ,22,2
92,92,2015,Jun,23,2,159,8,0,0,Monday,TRUE,Spring, ,23,2
93,93,2015,Jun,23,2,160,9,0,0,Tuesday,TRUE,Spring, ,23,2
94,94,2015,Jun,23,2,161,10,0,0,Wednesday,TRUE,Spring, ,23,2
95,95,2015,Jun,24,2,162,11,0,0,Thursday,TRUE,Spring, ,23,2
96,96,2015,Jun,24,2,163,12,0,0,Friday,TRUE,Spring, ,23,2
97,97,2015,Jun,24,2,164,13,0,0,Saturday,FALSE,Spring, ,23,2
98,98,2015,Jun,24,3,165,14,0,0,Sunday,FALSE,Spring, ,23,3
99,99,2015,Jun,24,3,166,15,0,0,Monday,TRUE,Summer, ,24,3
100,100,2015,Jun,24,3,167,16,0,0,Tuesday,TRUE,Summer, ,24,3
101,101,2015,Jun,24,3,168,17,0,0,Wednesday,TRUE,Summer, ,24,3
102,102,2015,Jun,25,3,169,18,0,0,Thursday,TRUE,Summer, ,24,3
103,103,2015,Jun,25,3,170,19,0,0,Friday,TRUE,Summer, ,24,3
104,104,2015,Jun,25,3,171,20,0,0,Saturday,FALSE,Summer, ,24,3
105,105,2015,Jun,25,4,172,21,0,0,Sunday,FALSE,Summer, ,24,4
106,106,2015,Jun,25,4,173,22,0,0,Monday,TRUE,Summer, ,25,4
107,107,2015,Jun,25,4,174,23,0,0,Tuesday,TRUE,Summer, ,25,4
108,108,2015,Jun,25,4,175,24,0,0,Wednesday,TRUE,Summer, ,25,4
109,109,2015,Jun,26,4,176,25,0,0,Thursday,TRUE,Summer, ,25,4
110,110,2015,Jun,26,4,177,26,0,0,Friday,TRUE,Summer, ,25,4
111,111,2015,Jun,26,4,178,27,0,0,Saturday,FALSE,Summer, ,25,4
112,112,2015,Jun,26,5,179,28,0,0,Sunday,FALSE,Summer, ,25,5
113,113,2015,Jun,26,5,180,29,0,0,Monday,TRUE,Summer, ,26,5
114,114,2015,Jun,26,5,181,30,0,0,Tuesday,TRUE,Summer, ,26,5
115,115,2015,Jul,26,1,182,1,0,0,Wednesday,TRUE,Summer, ,26,1
116,116,2015,Jul,27,1,183,2,0,0,Thursday,TRUE,Summer, ,26,1
117,117,2015,Jul,27,1,184,3,0,0,Friday,FALSE,Summer, ,26,1
118,118,2015,Jul,27,1,185,4,0,0,Saturday,FALSE,Summer, ,26,1
119,119,2015,Jul,27,2,186,5,0,0,Sunday,FALSE,Summer, ,26,2
120,120,2015,Jul,27,2,187,6,0,0,Monday,TRUE,Summer, ,27,2
121,121,2015,Jul,27,2,188,7,0,0,Tuesday,TRUE,Summer, ,27,2
122,122,2015,Jul,27,2,189,8,0,0,Wednesday,TRUE,Summer, ,27,2
123,123,2015,Jul,28,2,190,9,0,0,Thursday,TRUE,Summer, ,27,2
124,124,2015,Jul,28,2,191,10,0,0,Friday,TRUE,Summer, ,27,2
125,125,2015,Jul,28,2,192,11,0,0,Saturday,FALSE,Summer, ,27,2
126,126,2015,Jul,28,3,193,12,0,0,Sunday,FALSE,Summer, ,27,3
127,127,2015,Jul,28,3,194,13,0,0,Monday,TRUE,Summer, ,28,3
128,128,2015,Jul,28,3,195,14,0,0,Tuesday,TRUE,Summer, ,28,3
129,129,2015,Jul,28,3,196,15,0,0,Wednesday,TRUE,Summer, ,28,3
130,130,2015,Jul,29,3,197,16,0,0,Thursday,TRUE,Summer, ,28,3
131,131,2015,Jul,29,3,198,17,0,0,Friday,TRUE,Summer, ,28,3
132,132,2015,Jul,29,3,199,18,0,0,Saturday,FALSE,Summer, ,28,3
133,133,2015,Jul,29,4,200,19,0,0,Sunday,FALSE,Summer, ,28,4
134,134,2015,Jul,29,4,201,20,0,0,Monday,TRUE,Summer, ,29,4
135,135,2015,Jul,29,4,202,21,0,0,Tuesday,TRUE,Summer, ,29,4
136,136,2015,Jul,29,4,203,22,0,0,Wednesday,TRUE,Summer, ,29,4
137,137,2015,Jul,30,4,204,23,0,0,Thursday,TRUE,Summer, ,29,4
138,138,2015,Jul,30,4,205,24,0,0,Friday,TRUE,Summer, ,29,4
139,139,2015,Jul,30,4,206,25,0,0,Saturday,FALSE,Summer, ,29,4
140,140,2015,Jul,30,5,207,26,0,0,Sunday,FALSE,Summer, ,29,5
141,141,2015,Jul,30,5,208,27,0,0,Monday,TRUE,Summer, ,30,5
142,142,2015,Jul,30,5,209,28,0,0,Tuesday,TRUE,Summer, ,30,5
143,143,2015,Jul,30,5,210,29,0,0,Wednesday,TRUE,Summer, ,30,5
144,144,2015,Jul,31,5,211,30,0,0,Thursday,TRUE,Summer, ,30,5
145,145,2015,Jul,31,5,212,31,0,0,Friday,TRUE,Summer, ,30,5
146,146,2015,Aug,31,1,213,1,0,0,Saturday,FALSE,Summer, ,30,1
147,147,2015,Aug,31,2,214,2,0,0,Sunday,FALSE,Summer, ,30,2
148,148,2015,Aug,31,2,215,3,0,0,Monday,TRUE,Summer, ,31,2
149,149,2015,Aug,31,2,216,4,0,0,Tuesday,TRUE,Summer, ,31,2
150,150,2015,Aug,31,2,217,5,0,0,Wednesday,TRUE,Summer, ,31,2
151,151,2015,Aug,32,2,218,6,0,0,Thursday,TRUE,Summer, ,31,2
152,152,2015,Aug,32,2,219,7,0,0,Friday,TRUE,Summer, ,31,2
153,153,2015,Aug,32,2,220,8,0,0,Saturday,FALSE,Summer, ,31,2
154,154,2015,Aug,32,3,221,9,0,0,Sunday,FALSE,Summer, ,31,3
155,155,2015,Aug,32,3,222,10,0,0,Monday,TRUE,Summer, ,32,3
156,156,2015,Aug,32,3,223,11,0,0,Tuesday,TRUE,Summer, ,32,3
157,157,2015,Aug,32,3,224,12,0,0,Wednesday,TRUE,Summer, ,32,3
158,158,2015,Aug,33,3,225,13,0,0,Thursday,TRUE,Summer, ,32,3
159,159,2015,Aug,33,3,226,14,0,0,Friday,TRUE,Summer, ,32,3
160,160,2015,Aug,33,3,227,15,0,0,Saturday,FALSE,Summer, ,32,3
161,161,2015,Aug,33,4,228,16,0,0,Sunday,FALSE,Summer, ,32,4
162,162,2015,Aug,33,4,229,17,0,0,Monday,TRUE,Summer, ,33,4
163,163,2015,Aug,33,4,230,18,0,0,Tuesday,TRUE,Summer, ,33,4
164,164,2015,Aug,33,4,231,19,0,0,Wednesday,TRUE,Summer, ,33,4
165,165,2015,Aug,34,4,232,20,0,0,Thursday,TRUE,Summer, ,33,4
166,166,2015,Aug,34,4,233,21,0,0,Friday,TRUE,Summer, ,33,4
167,167,2015,Aug,34,4,234,22,0,0,Saturday,FALSE,Summer, ,33,4
168,168,2015,Aug,34,5,235,23,0,0,Sunday,FALSE,Summer, ,33,5
169,169,2015,Aug,34,5,236,24,0,0,Monday,TRUE,Summer, ,34,5
170,170,2015,Aug,34,5,237,25,0,0,Tuesday,TRUE,Summer, ,34,5
171,171,2015,Aug,34,5,238,26,0,0,Wednesday,TRUE,Summer, ,34,5
172,172,2015,Aug,35,5,239,27,0,0,Thursday,TRUE,Summer, ,34,5
173,173,2015,Aug,35,5,240,28,0,0,Friday,TRUE,Summer, ,34,5
174,174,2015,Aug,35,5,241,29,0,0,Saturday,FALSE,Summer, ,34,5
175,175,2015,Aug,35,6,242,30,0,0,Sunday,FALSE,Summer, ,34,6
176,176,2015,Aug,35,6,243,31,0,0,Monday,TRUE,Summer, ,35,6
177,177,2015,Sep,35,1,244,1,0,0,Tuesday,TRUE,Summer, ,35,1
178,178,2015,Sep,35,1,245,2,0,0,Wednesday,TRUE,Summer, ,35,1
179,179,2015,Sep,36,1,246,3,0,0,Thursday,TRUE,Summer, ,35,1
180,180,2015,Sep,36,1,247,4,0,0,Friday,TRUE,Summer, ,35,1
181,181,2015,Sep,36,1,248,5,0,0,Saturday,FALSE,Summer, ,35,1
182,182,2015,Sep,36,2,249,6,0,0,Sunday,FALSE,Summer, ,35,2
183,183,2015,Sep,36,2,250,7,0,0,Monday,FALSE,Summer, ,36,2
184,184,2015,Sep,36,2,251,8,0,0,Tuesday,TRUE,Summer, ,36,2
185,185,2015,Sep,36,2,252,9,0,0,Wednesday,TRUE,Summer,Introductory Seminar,36,2
186,186,2015,Sep,37,2,253,10,0,0,Thursday,TRUE,Summer, ,36,2
187,187,2015,Sep,37,2,254,11,0,0,Friday,TRUE,Summer, ,36,2
188,188,2015,Sep,37,2,255,12,0,0,Saturday,FALSE,Summer, ,36,2
189,189,2015,Sep,37,3,256,13,0,0,Sunday,FALSE,Summer, ,36,3
190,190,2015,Sep,37,3,257,14,0,0,Monday,TRUE,Summer, ,37,3
191,191,2015,Sep,37,3,258,15,0,0,Tuesday,TRUE,Fall, ,37,3
192,192,2015,Sep,37,3,259,16,0,0,Wednesday,TRUE,Fall, ,37,3
193,193,2015,Sep,38,3,260,17,0,0,Thursday,TRUE,Fall, ,37,3
194,194,2015,Sep,38,3,261,18,0,0,Friday,TRUE,Fall, ,37,3
195,195,2015,Sep,38,3,262,19,0,0,Saturday,FALSE,Fall, ,37,3
196,196,2015,Sep,38,4,263,20,0,0,Sunday,FALSE,Fall, ,37,4
197,197,2015,Sep,38,4,264,21,0,0,Monday,TRUE,Fall, ,38,4
198,198,2015,Sep,38,4,265,22,0,0,Tuesday,TRUE,Fall, ,38,4
199,199,2015,Sep,38,4,266,23,0,0,Wednesday,TRUE,Fall, ,38,4
200,200,2015,Sep,39,4,267,24,0,0,Thursday,TRUE,Fall, ,38,4
201,201,2015,Sep,39,4,268,25,0,0,Friday,TRUE,Fall, ,38,4
202,202,2015,Sep,39,4,269,26,0,0,Saturday,FALSE,Fall, ,38,4
203,203,2015,Sep,39,5,270,27,0,0,Sunday,FALSE,Fall, ,38,5
204,204,2015,Sep,39,5,271,28,0,0,Monday,TRUE,Fall, ,39,5
205,205,2015,Sep,39,5,272,29,0,0,Tuesday,TRUE,Fall, ,39,5
206,206,2015,Sep,39,5,273,30,0,0,Wednesday,TRUE,Fall,Annual Progress Report,39,5
207,207,2015,Oct,40,1,274,1,0,0,Thursday,TRUE,Fall, ,39,1
208,208,2015,Oct,40,1,275,2,0,0,Friday,TRUE,Fall, ,39,1
209,209,2015,Oct,40,1,276,3,0,0,Saturday,FALSE,Fall, ,39,1
210,210,2015,Oct,40,2,277,4,0,0,Sunday,FALSE,Fall, ,39,2
211,211,2015,Oct,40,2,278,5,0,0,Monday,TRUE,Fall, ,40,2
212,212,2015,Oct,40,2,279,6,0,0,Tuesday,TRUE,Fall, ,40,2
213,213,2015,Oct,40,2,280,7,0,0,Wednesday,TRUE,Fall, ,40,2
214,214,2015,Oct,41,2,281,8,0,0,Thursday,TRUE,Fall, ,40,2
215,215,2015,Oct,41,2,282,9,0,0,Friday,TRUE,Fall, ,40,2
216,216,2015,Oct,41,2,283,10,0,0,Saturday,FALSE,Fall, ,40,2
217,217,2015,Oct,41,3,284,11,0,0,Sunday,FALSE,Fall, ,40,3
218,218,2015,Oct,41,3,285,12,0,0,Monday,TRUE,Fall, ,41,3
219,219,2015,Oct,41,3,286,13,0,0,Tuesday,TRUE,Fall, ,41,3
220,220,2015,Oct,41,3,287,14,0,0,Wednesday,TRUE,Fall, ,41,3
221,221,2015,Oct,42,3,288,15,0,0,Thursday,TRUE,Fall, ,41,3
222,222,2015,Oct,42,3,289,16,0,0,Friday,TRUE,Fall, ,41,3
223,223,2015,Oct,42,3,290,17,0,0,Saturday,FALSE,Fall, ,41,3
224,224,2015,Oct,42,4,291,18,0,0,Sunday,FALSE,Fall, ,41,4
225,225,2015,Oct,42,4,292,19,0,0,Monday,TRUE,Fall, ,42,4
226,226,2015,Oct,42,4,293,20,0,0,Tuesday,TRUE,Fall, ,42,4
227,227,2015,Oct,42,4,294,21,0,0,Wednesday,TRUE,Fall, ,42,4
228,228,2015,Oct,43,4,295,22,0,0,Thursday,TRUE,Fall, ,42,4
229,229,2015,Oct,43,4,296,23,0,0,Friday,TRUE,Fall, ,42,4
230,230,2015,Oct,43,4,297,24,0,0,Saturday,FALSE,Fall, ,42,4
231,231,2015,Oct,43,5,298,25,0,0,Sunday,FALSE,Fall, ,42,5
232,232,2015,Oct,43,5,299,26,0,0,Monday,TRUE,Fall, ,43,5
233,233,2015,Oct,43,5,300,27,0,0,Tuesday,TRUE,Fall, ,43,5
234,234,2015,Oct,43,5,301,28,0,0,Wednesday,TRUE,Fall, ,43,5
235,235,2015,Oct,44,5,302,29,0,0,Thursday,TRUE,Fall, ,43,5
236,236,2015,Oct,44,5,303,30,0,0,Friday,TRUE,Fall, ,43,5
237,237,2015,Oct,44,5,304,31,0,0,Saturday,FALSE,Fall, ,43,5
238,238,2015,Nov,44,1,305,1,0,0,Sunday,FALSE,Fall, ,43,1
239,239,2015,Nov,44,1,306,2,0,0,Monday,TRUE,Fall, ,44,1
240,240,2015,Nov,44,1,307,3,0,0,Tuesday,TRUE,Fall, ,44,1
241,241,2015,Nov,44,1,308,4,0,0,Wednesday,TRUE,Fall, ,44,1
242,242,2015,Nov,45,1,309,5,0,0,Thursday,TRUE,Fall, ,44,1
243,243,2015,Nov,45,1,310,6,0,0,Friday,TRUE,Fall, ,44,1
244,244,2015,Nov,45,1,311,7,0,0,Saturday,FALSE,Fall, ,44,1
245,245,2015,Nov,45,2,312,8,0,0,Sunday,FALSE,Fall, ,44,2
246,246,2015,Nov,45,2,313,9,0,0,Monday,TRUE,Fall, ,45,2
247,247,2015,Nov,45,2,314,10,0,0,Tuesday,TRUE,Fall, ,45,2
248,248,2015,Nov,45,2,315,11,0,0,Wednesday,TRUE,Fall, ,45,2
249,249,2015,Nov,46,2,316,12,0,0,Thursday,TRUE,Fall, ,45,2
250,250,2015,Nov,46,2,317,13,0,0,Friday,TRUE,Fall, ,45,2
251,251,2015,Nov,46,2,318,14,0,0,Saturday,FALSE,Fall, ,45,2
252,252,2015,Nov,46,3,319,15,0,0,Sunday,FALSE,Fall, ,45,3
253,253,2015,Nov,46,3,320,16,0,0,Monday,TRUE,Fall, ,46,3
254,254,2015,Nov,46,3,321,17,0,0,Tuesday,TRUE,Fall, ,46,3
255,255,2015,Nov,46,3,322,18,0,0,Wednesday,TRUE,Fall, ,46,3
256,256,2015,Nov,47,3,323,19,0,0,Thursday,TRUE,Fall, ,46,3
257,257,2015,Nov,47,3,324,20,0,0,Friday,TRUE,Fall, ,46,3
258,258,2015,Nov,47,3,325,21,0,0,Saturday,FALSE,Fall, ,46,3
259,259,2015,Nov,47,4,326,22,0,0,Sunday,FALSE,Fall, ,46,4
260,260,2015,Nov,47,4,327,23,0,0,Monday,TRUE,Fall, ,47,4
261,261,2015,Nov,47,4,328,24,0,0,Tuesday,TRUE,Fall, ,47,4
262,262,2015,Nov,47,4,329,25,0,0,Wednesday,TRUE,Fall, ,47,4
263,263,2015,Nov,48,4,330,26,0,0,Thursday,FALSE,Fall, ,47,4
264,264,2015,Nov,48,4,331,27,0,0,Friday,TRUE,Fall, ,47,4
265,265,2015,Nov,48,4,332,28,0,0,Saturday,FALSE,Fall, ,47,4
266,266,2015,Nov,48,5,333,29,0,0,Sunday,FALSE,Fall, ,47,5
267,267,2015,Nov,48,5,334,30,0,0,Monday,TRUE,Fall, ,48,5
268,268,2015,Dec,48,1,335,1,0,0,Tuesday,TRUE,Fall, ,48,1
269,269,2015,Dec,48,1,336,2,0,0,Wednesday,TRUE,Fall, ,48,1
270,270,2015,Dec,49,1,337,3,0,0,Thursday,TRUE,Fall, ,48,1
271,271,2015,Dec,49,1,338,4,0,0,Friday,TRUE,Fall, ,48,1
272,272,2015,Dec,49,1,339,5,0,0,Saturday,FALSE,Fall, ,48,1
273,273,2015,Dec,49,2,340,6,0,0,Sunday,FALSE,Fall, ,48,2
274,274,2015,Dec,49,2,341,7,0,0,Monday,TRUE,Fall, ,49,2
275,275,2015,Dec,49,2,342,8,0,0,Tuesday,TRUE,Fall, ,49,2
276,276,2015,Dec,49,2,343,9,0,0,Wednesday,TRUE,Fall, ,49,2
277,277,2015,Dec,50,2,344,10,0,0,Thursday,TRUE,Fall, ,49,2
278,278,2015,Dec,50,2,345,11,0,0,Friday,TRUE,Fall, ,49,2
279,279,2015,Dec,50,2,346,12,0,0,Saturday,FALSE,Fall, ,49,2
280,280,2015,Dec,50,3,347,13,0,0,Sunday,FALSE,Fall, ,49,3
281,281,2015,Dec,50,3,348,14,0,0,Monday,TRUE,Fall, ,50,3
282,282,2015,Dec,50,3,349,15,0,0,Tuesday,TRUE,Winter, ,50,3
283,283,2015,Dec,50,3,350,16,0,0,Wednesday,TRUE,Winter, ,50,3
284,284,2015,Dec,51,3,351,17,0,0,Thursday,TRUE,Winter, ,50,3
285,285,2015,Dec,51,3,352,18,0,0,Friday,TRUE,Winter, ,50,3
286,286,2015,Dec,51,3,353,19,0,0,Saturday,FALSE,Winter, ,50,3
287,287,2015,Dec,51,4,354,20,0,0,Sunday,FALSE,Winter, ,50,4
288,288,2015,Dec,51,4,355,21,0,0,Monday,TRUE,Winter, ,51,4
289,289,2015,Dec,51,4,356,22,0,0,Tuesday,TRUE,Winter, ,51,4
290,290,2015,Dec,51,4,357,23,0,0,Wednesday,TRUE,Winter, ,51,4
291,291,2015,Dec,52,4,358,24,0,0,Thursday,TRUE,Winter, ,51,4
292,292,2015,Dec,52,4,359,25,0,0,Friday,FALSE,Winter, ,51,4
293,293,2015,Dec,52,4,360,26,0,0,Saturday,FALSE,Winter, ,51,4
294,294,2015,Dec,52,5,361,27,0,0,Sunday,FALSE,Winter, ,51,5
295,295,2015,Dec,52,5,362,28,0,0,Monday,TRUE,Winter, ,52,5
296,296,2015,Dec,52,5,363,29,0,0,Tuesday,TRUE,Winter, ,52,5
297,297,2015,Dec,52,5,364,30,0,0,Wednesday,TRUE,Winter, ,52,5
298,298,2015,Dec,53,5,365,31,0,0,Thursday,TRUE,Winter, ,52,5
299,299,2016,Jan,1,1,1,1,0,0,Friday,FALSE,Winter, ,0,1
300,300,2016,Jan,1,1,2,2,0,0,Saturday,FALSE,Winter, ,0,1
301,301,2016,Jan,1,2,3,3,0,0,Sunday,FALSE,Winter, ,0,2
302,302,2016,Jan,1,2,4,4,0,0,Monday,TRUE,Winter, ,1,2
303,303,2016,Jan,1,2,5,5,0,0,Tuesday,TRUE,Winter, ,1,2
304,304,2016,Jan,1,2,6,6,0,0,Wednesday,TRUE,Winter, ,1,2
305,305,2016,Jan,1,2,7,7,0,0,Thursday,TRUE,Winter, ,1,2
306,306,2016,Jan,2,2,8,8,0,0,Friday,TRUE,Winter, ,1,2
307,307,2016,Jan,2,2,9,9,0,0,Saturday,FALSE,Winter, ,1,2
308,308,2016,Jan,2,3,10,10,0,0,Sunday,FALSE,Winter, ,1,3
309,309,2016,Jan,2,3,11,11,0,0,Monday,TRUE,Winter, ,2,3
310,310,2016,Jan,2,3,12,12,0,0,Tuesday,TRUE,Winter, ,2,3
311,311,2016,Jan,2,3,13,13,0,0,Wednesday,TRUE,Winter, ,2,3
312,312,2016,Jan,2,3,14,14,0,0,Thursday,TRUE,Winter, ,2,3
313,313,2016,Jan,3,3,15,15,0,0,Friday,TRUE,Winter, ,2,3
314,314,2016,Jan,3,3,16,16,0,0,Saturday,FALSE,Winter, ,2,3
315,315,2016,Jan,3,4,17,17,0,0,Sunday,FALSE,Winter, ,2,4
316,316,2016,Jan,3,4,18,18,0,0,Monday,FALSE,Winter, ,3,4
317,317,2016,Jan,3,4,19,19,0,0,Tuesday,TRUE,Winter, ,3,4
318,318,2016,Jan,3,4,20,20,0,0,Wednesday,TRUE,Winter, ,3,4
319,319,2016,Jan,3,4,21,21,0,0,Thursday,TRUE,Winter, ,3,4
320,320,2016,Jan,4,4,22,22,0,0,Friday,TRUE,Winter, ,3,4
321,321,2016,Jan,4,4,23,23,0,0,Saturday,FALSE,Winter, ,3,4
322,322,2016,Jan,4,5,24,24,0,0,Sunday,FALSE,Winter, ,3,5
323,323,2016,Jan,4,5,25,25,0,0,Monday,TRUE,Winter, ,4,5
324,324,2016,Jan,4,5,26,26,0,0,Tuesday,TRUE,Winter, ,4,5
325,325,2016,Jan,4,5,27,27,0,0,Wednesday,TRUE,Winter, ,4,5
326,326,2016,Jan,4,5,28,28,0,0,Thursday,TRUE,Winter, ,4,5
327,327,2016,Jan,5,5,29,29,0,0,Friday,TRUE,Winter, ,4,5
328,328,2016,Jan,5,5,30,30,0,0,Saturday,FALSE,Winter, ,4,5
329,329,2016,Jan,5,6,31,31,0,0,Sunday,FALSE,Winter, ,4,6
330,330,2016,Feb,5,1,32,1,0,0,Monday,TRUE,Winter, ,5,1
331,331,2016,Feb,5,1,33,2,0,0,Tuesday,TRUE,Winter, ,5,1
332,332,2016,Feb,5,1,34,3,0,0,Wednesday,TRUE,Winter, ,5,1
333,333,2016,Feb,5,1,35,4,0,0,Thursday,TRUE,Winter, ,5,1
334,334,2016,Feb,6,1,36,5,0,0,Friday,TRUE,Winter, ,5,1
335,335,2016,Feb,6,1,37,6,0,0,Saturday,FALSE,Winter, ,5,1
336,336,2016,Feb,6,2,38,7,0,0,Sunday,FALSE,Winter, ,5,2
337,337,2016,Feb,6,2,39,8,0,0,Monday,TRUE,Winter, ,6,2
338,338,2016,Feb,6,2,40,9,0,0,Tuesday,TRUE,Winter, ,6,2
339,339,2016,Feb,6,2,41,10,0,0,Wednesday,TRUE,Winter, ,6,2
340,340,2016,Feb,6,2,42,11,0,0,Thursday,TRUE,Winter, ,6,2
341,341,2016,Feb,7,2,43,12,0,0,Friday,TRUE,Winter, ,6,2
342,342,2016,Feb,7,2,44,13,0,0,Saturday,FALSE,Winter, ,6,2
343,343,2016,Feb,7,3,45,14,0,0,Sunday,FALSE,Winter, ,6,3
344,344,2016,Feb,7,3,46,15,0,0,Monday,FALSE,Winter, ,7,3
345,345,2016,Feb,7,3,47,16,0,0,Tuesday,TRUE,Winter, ,7,3
346,346,2016,Feb,7,3,48,17,0,0,Wednesday,TRUE,Winter, ,7,3
347,347,2016,Feb,7,3,49,18,0,0,Thursday,TRUE,Winter, ,7,3
348,348,2016,Feb,8,3,50,19,0,0,Friday,TRUE,Winter, ,7,3
349,349,2016,Feb,8,3,51,20,0,0,Saturday,FALSE,Winter, ,7,3
350,350,2016,Feb,8,4,52,21,0,0,Sunday,FALSE,Winter, ,7,4
351,351,2016,Feb,8,4,53,22,0,0,Monday,TRUE,Winter, ,8,4
352,352,2016,Feb,8,4,54,23,0,0,Tuesday,TRUE,Winter, ,8,4
353,353,2016,Feb,8,4,55,24,0,0,Wednesday,TRUE,Winter, ,8,4
354,354,2016,Feb,8,4,56,25,0,0,Thursday,TRUE,Winter, ,8,4
355,355,2016,Feb,9,4,57,26,0,0,Friday,TRUE,Winter, ,8,4
356,356,2016,Feb,9,4,58,27,0,0,Saturday,FALSE,Winter, ,8,4
357,357,2016,Feb,9,5,59,28,0,0,Sunday,FALSE,Winter, ,8,5
358,358,2016,Feb,9,5,60,29,0,0,Monday,TRUE,Winter, ,9,5
359,359,2016,Mar,9,1,61,1,0,0,Tuesday,TRUE,Winter, ,9,1
360,360,2016,Mar,9,1,62,2,0,0,Wednesday,TRUE,Winter, ,9,1
361,361,2016,Mar,9,1,63,3,0,0,Thursday,TRUE,Winter, ,9,1
362,362,2016,Mar,10,1,64,4,0,0,Friday,TRUE,Winter, ,9,1
363,363,2016,Mar,10,1,65,5,0,0,Saturday,FALSE,Winter, ,9,1
364,364,2016,Mar,10,2,66,6,0,0,Sunday,FALSE,Winter, ,9,2
365,365,2016,Mar,10,2,67,7,0,0,Monday,TRUE,Winter, ,10,2
366,366,2016,Mar,10,2,68,8,0,0,Tuesday,TRUE,Winter, ,10,2
367,367,2016,Mar,10,2,69,9,0,0,Wednesday,TRUE,Winter,Confirmation of Candidature,10,2
368,368,2016,Mar,10,2,70,10,0,0,Thursday,TRUE,Winter, ,10,2
369,369,2016,Mar,11,2,71,11,0,0,Friday,TRUE,Winter, ,10,2
370,370,2016,Mar,11,2,72,12,0,0,Saturday,FALSE,Winter, ,10,2
371,371,2016,Mar,11,3,73,13,0,0,Sunday,FALSE,Winter, ,10,3
372,372,2016,Mar,11,3,74,14,0,0,Monday,TRUE,Winter, ,11,3
373,373,2016,Mar,11,3,75,15,0,0,Tuesday,TRUE,Spring, ,11,3
374,374,2016,Mar,11,3,76,16,0,0,Wednesday,TRUE,Spring, ,11,3
375,375,2016,Mar,11,3,77,17,0,0,Thursday,TRUE,Spring, ,11,3
376,376,2016,Mar,12,3,78,18,0,0,Friday,TRUE,Spring, ,11,3
377,377,2016,Mar,12,3,79,19,0,0,Saturday,FALSE,Spring, ,11,3
378,378,2016,Mar,12,4,80,20,0,0,Sunday,FALSE,Spring, ,11,4
379,379,2016,Mar,12,4,81,21,0,0,Monday,TRUE,Spring, ,12,4
380,380,2016,Mar,12,4,82,22,0,0,Tuesday,TRUE,Spring, ,12,4
381,381,2016,Mar,12,4,83,23,0,0,Wednesday,TRUE,Spring, ,12,4
382,382,2016,Mar,12,4,84,24,0,0,Thursday,TRUE,Spring, ,12,4
383,383,2016,Mar,13,4,85,25,0,0,Friday,FALSE,Spring, ,12,4
384,384,2016,Mar,13,4,86,26,0,0,Saturday,FALSE,Spring, ,12,4
385,385,2016,Mar,13,5,87,27,0,0,Sunday,FALSE,Spring, ,12,5
386,386,2016,Mar,13,5,88,28,0,0,Monday,TRUE,Spring, ,13,5
387,387,2016,Mar,13,5,89,29,0,0,Tuesday,TRUE,Spring, ,13,5
388,388,2016,Mar,13,5,90,30,0,0,Wednesday,TRUE,Spring, ,13,5
389,389,2016,Mar,13,5,91,31,0,0,Thursday,TRUE,Spring,Research Plan Review,13,5
390,390,2016,Apr,14,1,92,1,0,0,Friday,TRUE,Spring, ,13,1
391,391,2016,Apr,14,1,93,2,0,0,Saturday,FALSE,Spring, ,13,1
392,392,2016,Apr,14,2,94,3,0,0,Sunday,FALSE,Spring, ,13,2
393,393,2016,Apr,14,2,95,4,0,0,Monday,TRUE,Spring, ,14,2
394,394,2016,Apr,14,2,96,5,0,0,Tuesday,TRUE,Spring, ,14,2
395,395,2016,Apr,14,2,97,6,0,0,Wednesday,TRUE,Spring, ,14,2
396,396,2016,Apr,14,2,98,7,0,0,Thursday,TRUE,Spring, ,14,2
397,397,2016,Apr,15,2,99,8,0,0,Friday,TRUE,Spring, ,14,2
398,398,2016,Apr,15,2,100,9,0,0,Saturday,FALSE,Spring, ,14,2
399,399,2016,Apr,15,3,101,10,0,0,Sunday,FALSE,Spring, ,14,3
400,400,2016,Apr,15,3,102,11,0,0,Monday,TRUE,Spring, ,15,3
401,401,2016,Apr,15,3,103,12,0,0,Tuesday,TRUE,Spring, ,15,3
402,402,2016,Apr,15,3,104,13,0,0,Wednesday,TRUE,Spring, ,15,3
403,403,2016,Apr,15,3,105,14,0,0,Thursday,TRUE,Spring, ,15,3
404,404,2016,Apr,16,3,106,15,0,0,Friday,TRUE,Spring, ,15,3
405,405,2016,Apr,16,3,107,16,0,0,Saturday,FALSE,Spring, ,15,3
406,406,2016,Apr,16,4,108,17,0,0,Sunday,FALSE,Spring, ,15,4
407,407,2016,Apr,16,4,109,18,0,0,Monday,TRUE,Spring, ,16,4
408,408,2016,Apr,16,4,110,19,0,0,Tuesday,TRUE,Spring, ,16,4
409,409,2016,Apr,16,4,111,20,0,0,Wednesday,TRUE,Spring, ,16,4
410,410,2016,Apr,16,4,112,21,0,0,Thursday,TRUE,Spring, ,16,4
411,411,2016,Apr,17,4,113,22,0,0,Friday,TRUE,Spring, ,16,4
412,412,2016,Apr,17,4,114,23,0,0,Saturday,FALSE,Spring, ,16,4
413,413,2016,Apr,17,5,115,24,0,0,Sunday,FALSE,Spring, ,16,5
414,414,2016,Apr,17,5,116,25,0,0,Monday,TRUE,Spring, ,17,5
415,415,2016,Apr,17,5,117,26,0,0,Tuesday,TRUE,Spring, ,17,5
416,416,2016,Apr,17,5,118,27,0,0,Wednesday,TRUE,Spring, ,17,5
417,417,2016,Apr,17,5,119,28,0,0,Thursday,TRUE,Spring, ,17,5
418,418,2016,Apr,18,5,120,29,0,0,Friday,TRUE,Spring, ,17,5
419,419,2016,Apr,18,5,121,30,0,0,Saturday,FALSE,Spring, ,17,5
420,420,2016,May,18,1,122,1,0,0,Sunday,FALSE,Spring, ,17,1
421,421,2016,May,18,1,123,2,0,0,Monday,TRUE,Spring, ,18,1
422,422,2016,May,18,1,124,3,0,0,Tuesday,TRUE,Spring, ,18,1
423,423,2016,May,18,1,125,4,0,0,Wednesday,TRUE,Spring, ,18,1
424,424,2016,May,18,1,126,5,0,0,Thursday,TRUE,Spring, ,18,1
425,425,2016,May,19,1,127,6,0,0,Friday,TRUE,Spring, ,18,1
426,426,2016,May,19,1,128,7,0,0,Saturday,FALSE,Spring, ,18,1
427,427,2016,May,19,2,129,8,0,0,Sunday,FALSE,Spring, ,18,2
428,428,2016,May,19,2,130,9,0,0,Monday,TRUE,Spring, ,19,2
429,429,2016,May,19,2,131,10,0,0,Tuesday,TRUE,Spring, ,19,2
430,430,2016,May,19,2,132,11,0,0,Wednesday,TRUE,Spring, ,19,2
431,431,2016,May,19,2,133,12,0,0,Thursday,TRUE,Spring, ,19,2
432,432,2016,May,20,2,134,13,0,0,Friday,TRUE,Spring, ,19,2
433,433,2016,May,20,2,135,14,0,0,Saturday,FALSE,Spring, ,19,2
434,434,2016,May,20,3,136,15,0,0,Sunday,FALSE,Spring, ,19,3
435,435,2016,May,20,3,137,16,0,0,Monday,TRUE,Spring, ,20,3
436,436,2016,May,20,3,138,17,0,0,Tuesday,TRUE,Spring, ,20,3
437,437,2016,May,20,3,139,18,0,0,Wednesday,TRUE,Spring, ,20,3
438,438,2016,May,20,3,140,19,0,0,Thursday,TRUE,Spring, ,20,3
439,439,2016,May,21,3,141,20,0,0,Friday,TRUE,Spring, ,20,3
440,440,2016,May,21,3,142,21,0,0,Saturday,FALSE,Spring, ,20,3
441,441,2016,May,21,4,143,22,0,0,Sunday,FALSE,Spring, ,20,4
442,442,2016,May,21,4,144,23,0,0,Monday,TRUE,Spring, ,21,4
443,443,2016,May,21,4,145,24,0,0,Tuesday,TRUE,Spring, ,21,4
444,444,2016,May,21,4,146,25,0,0,Wednesday,TRUE,Spring, ,21,4
445,445,2016,May,21,4,147,26,0,0,Thursday,TRUE,Spring, ,21,4
446,446,2016,May,22,4,148,27,0,0,Friday,TRUE,Spring, ,21,4
447,447,2016,May,22,4,149,28,0,0,Saturday,FALSE,Spring, ,21,4
448,448,2016,May,22,5,150,29,0,0,Sunday,FALSE,Spring, ,21,5
449,449,2016,May,22,5,151,30,0,0,Monday,FALSE,Spring, ,22,5
450,450,2016,May,22,5,152,31,0,0,Tuesday,TRUE,Spring, ,22,5
451,451,2016,Jun,22,1,153,1,0,0,Wednesday,TRUE,Spring, ,22,1
452,452,2016,Jun,22,1,154,2,0,0,Thursday,TRUE,Spring, ,22,1
453,453,2016,Jun,23,1,155,3,0,0,Friday,TRUE,Spring, ,22,1
454,454,2016,Jun,23,1,156,4,0,0,Saturday,FALSE,Spring, ,22,1
455,455,2016,Jun,23,2,157,5,0,0,Sunday,FALSE,Spring, ,22,2
456,456,2016,Jun,23,2,158,6,0,0,Monday,TRUE,Spring, ,23,2
457,457,2016,Jun,23,2,159,7,0,0,Tuesday,TRUE,Spring, ,23,2
458,458,2016,Jun,23,2,160,8,0,0,Wednesday,TRUE,Spring, ,23,2
459,459,2016,Jun,23,2,161,9,0,0,Thursday,TRUE,Spring, ,23,2
460,460,2016,Jun,24,2,162,10,0,0,Friday,TRUE,Spring, ,23,2
461,461,2016,Jun,24,2,163,11,0,0,Saturday,FALSE,Spring, ,23,2
462,462,2016,Jun,24,3,164,12,0,0,Sunday,FALSE,Spring, ,23,3
463,463,2016,Jun,24,3,165,13,0,0,Monday,TRUE,Spring, ,24,3
464,464,2016,Jun,24,3,166,14,0,0,Tuesday,TRUE,Spring, ,24,3
465,465,2016,Jun,24,3,167,15,0,0,Wednesday,TRUE,Summer, ,24,3
466,466,2016,Jun,24,3,168,16,0,0,Thursday,TRUE,Summer, ,24,3
467,467,2016,Jun,25,3,169,17,0,0,Friday,TRUE,Summer, ,24,3
468,468,2016,Jun,25,3,170,18,0,0,Saturday,FALSE,Summer, ,24,3
469,469,2016,Jun,25,4,171,19,0,0,Sunday,FALSE,Summer, ,24,4
470,470,2016,Jun,25,4,172,20,0,0,Monday,TRUE,Summer, ,25,4
471,471,2016,Jun,25,4,173,21,0,0,Tuesday,TRUE,Summer, ,25,4
472,472,2016,Jun,25,4,174,22,0,0,Wednesday,TRUE,Summer, ,25,4
473,473,2016,Jun,25,4,175,23,0,0,Thursday,TRUE,Summer, ,25,4
474,474,2016,Jun,26,4,176,24,0,0,Friday,TRUE,Summer, ,25,4
475,475,2016,Jun,26,4,177,25,0,0,Saturday,FALSE,Summer, ,25,4
476,476,2016,Jun,26,5,178,26,0,0,Sunday,FALSE,Summer, ,25,5
477,477,2016,Jun,26,5,179,27,0,0,Monday,TRUE,Summer, ,26,5
478,478,2016,Jun,26,5,180,28,0,0,Tuesday,TRUE,Summer, ,26,5
479,479,2016,Jun,26,5,181,29,0,0,Wednesday,TRUE,Summer, ,26,5
480,480,2016,Jun,26,5,182,30,0,0,Thursday,TRUE,Summer, ,26,5
481,481,2016,Jul,27,1,183,1,0,0,Friday,TRUE,Summer, ,26,1
482,482,2016,Jul,27,1,184,2,0,0,Saturday,FALSE,Summer, ,26,1
483,483,2016,Jul,27,2,185,3,0,0,Sunday,FALSE,Summer, ,26,2
484,484,2016,Jul,27,2,186,4,0,0,Monday,FALSE,Summer, ,27,2
485,485,2016,Jul,27,2,187,5,0,0,Tuesday,TRUE,Summer, ,27,2
486,486,2016,Jul,27,2,188,6,0,0,Wednesday,TRUE,Summer, ,27,2
487,487,2016,Jul,27,2,189,7,0,0,Thursday,TRUE,Summer, ,27,2
488,488,2016,Jul,28,2,190,8,0,0,Friday,TRUE,Summer, ,27,2
489,489,2016,Jul,28,2,191,9,0,0,Saturday,FALSE,Summer, ,27,2
490,490,2016,Jul,28,3,192,10,0,0,Sunday,FALSE,Summer, ,27,3
491,491,2016,Jul,28,3,193,11,0,0,Monday,TRUE,Summer, ,28,3
492,492,2016,Jul,28,3,194,12,0,0,Tuesday,TRUE,Summer, ,28,3
493,493,2016,Jul,28,3,195,13,0,0,Wednesday,TRUE,Summer, ,28,3
494,494,2016,Jul,28,3,196,14,0,0,Thursday,TRUE,Summer, ,28,3
495,495,2016,Jul,29,3,197,15,0,0,Friday,TRUE,Summer, ,28,3
496,496,2016,Jul,29,3,198,16,0,0,Saturday,FALSE,Summer, ,28,3
497,497,2016,Jul,29,4,199,17,0,0,Sunday,FALSE,Summer, ,28,4
498,498,2016,Jul,29,4,200,18,0,0,Monday,TRUE,Summer, ,29,4
499,499,2016,Jul,29,4,201,19,0,0,Tuesday,TRUE,Summer, ,29,4
500,500,2016,Jul,29,4,202,20,0,0,Wednesday,TRUE,Summer, ,29,4
501,501,2016,Jul,29,4,203,21,0,0,Thursday,TRUE,Summer, ,29,4
502,502,2016,Jul,30,4,204,22,0,0,Friday,TRUE,Summer, ,29,4
503,503,2016,Jul,30,4,205,23,0,0,Saturday,FALSE,Summer, ,29,4
504,504,2016,Jul,30,5,206,24,0,0,Sunday,FALSE,Summer, ,29,5
505,505,2016,Jul,30,5,207,25,0,0,Monday,TRUE,Summer, ,30,5
506,506,2016,Jul,30,5,208,26,0,0,Tuesday,TRUE,Summer, ,30,5
507,507,2016,Jul,30,5,209,27,0,0,Wednesday,TRUE,Summer, ,30,5
508,508,2016,Jul,30,5,210,28,0,0,Thursday,TRUE,Summer, ,30,5
509,509,2016,Jul,31,5,211,29,0,0,Friday,TRUE,Summer, ,30,5
510,510,2016,Jul,31,5,212,30,0,0,Saturday,FALSE,Summer, ,30,5
511,511,2016,Jul,31,6,213,31,0,0,Sunday,FALSE,Summer, ,30,6
512,512,2016,Aug,31,1,214,1,0,0,Monday,TRUE,Summer, ,31,1
513,513,2016,Aug,31,1,215,2,0,0,Tuesday,TRUE,Summer, ,31,1
514,514,2016,Aug,31,1,216,3,0,0,Wednesday,TRUE,Summer, ,31,1
515,515,2016,Aug,31,1,217,4,0,0,Thursday,TRUE,Summer, ,31,1
516,516,2016,Aug,32,1,218,5,0,0,Friday,TRUE,Summer, ,31,1
517,517,2016,Aug,32,1,219,6,0,0,Saturday,FALSE,Summer, ,31,1
518,518,2016,Aug,32,2,220,7,0,0,Sunday,FALSE,Summer, ,31,2
519,519,2016,Aug,32,2,221,8,0,0,Monday,TRUE,Summer, ,32,2
520,520,2016,Aug,32,2,222,9,0,0,Tuesday,TRUE,Summer, ,32,2
521,521,2016,Aug,32,2,223,10,0,0,Wednesday,TRUE,Summer, ,32,2
522,522,2016,Aug,32,2,224,11,0,0,Thursday,TRUE,Summer, ,32,2
523,523,2016,Aug,33,2,225,12,0,0,Friday,TRUE,Summer, ,32,2
524,524,2016,Aug,33,2,226,13,0,0,Saturday,FALSE,Summer, ,32,2
525,525,2016,Aug,33,3,227,14,0,0,Sunday,FALSE,Summer, ,32,3
526,526,2016,Aug,33,3,228,15,0,0,Monday,TRUE,Summer, ,33,3
527,527,2016,Aug,33,3,229,16,0,0,Tuesday,TRUE,Summer, ,33,3
528,528,2016,Aug,33,3,230,17,0,0,Wednesday,TRUE,Summer, ,33,3
529,529,2016,Aug,33,3,231,18,0,0,Thursday,TRUE,Summer, ,33,3
530,530,2016,Aug,34,3,232,19,0,0,Friday,TRUE,Summer, ,33,3
531,531,2016,Aug,34,3,233,20,0,0,Saturday,FALSE,Summer, ,33,3
532,532,2016,Aug,34,4,234,21,0,0,Sunday,FALSE,Summer, ,33,4
533,533,2016,Aug,34,4,235,22,0,0,Monday,TRUE,Summer, ,34,4
534,534,2016,Aug,34,4,236,23,0,0,Tuesday,TRUE,Summer, ,34,4
535,535,2016,Aug,34,4,237,24,0,0,Wednesday,TRUE,Summer, ,34,4
536,536,2016,Aug,34,4,238,25,0,0,Thursday,TRUE,Summer, ,34,4
537,537,2016,Aug,35,4,239,26,0,0,Friday,TRUE,Summer, ,34,4
538,538,2016,Aug,35,4,240,27,0,0,Saturday,FALSE,Summer, ,34,4
539,539,2016,Aug,35,5,241,28,0,0,Sunday,FALSE,Summer, ,34,5
540,540,2016,Aug,35,5,242,29,0,0,Monday,TRUE,Summer, ,35,5
541,541,2016,Aug,35,5,243,30,0,0,Tuesday,TRUE,Summer, ,35,5
542,542,2016,Aug,35,5,244,31,0,0,Wednesday,TRUE,Summer, ,35,5
543,543,2016,Sep,35,1,245,1,0,0,Thursday,TRUE,Summer, ,35,1
544,544,2016,Sep,36,1,246,2,0,0,Friday,TRUE,Summer, ,35,1
545,545,2016,Sep,36,1,247,3,0,0,Saturday,FALSE,Summer, ,35,1
546,546,2016,Sep,36,2,248,4,0,0,Sunday,FALSE,Summer, ,35,2
547,547,2016,Sep,36,2,249,5,0,0,Monday,FALSE,Summer, ,36,2
548,548,2016,Sep,36,2,250,6,0,0,Tuesday,TRUE,Summer, ,36,2
549,549,2016,Sep,36,2,251,7,0,0,Wednesday,TRUE,Summer, ,36,2
550,550,2016,Sep,36,2,252,8,0,0,Thursday,TRUE,Summer, ,36,2
551,551,2016,Sep,37,2,253,9,0,0,Friday,TRUE,Summer, ,36,2
552,552,2016,Sep,37,2,254,10,0,0,Saturday,FALSE,Summer, ,36,2
553,553,2016,Sep,37,3,255,11,0,0,Sunday,FALSE,Summer, ,36,3
554,554,2016,Sep,37,3,256,12,0,0,Monday,TRUE,Summer, ,37,3
555,555,2016,Sep,37,3,257,13,0,0,Tuesday,TRUE,Summer, ,37,3
556,556,2016,Sep,37,3,258,14,0,0,Wednesday,TRUE,Summer, ,37,3
557,557,2016,Sep,37,3,259,15,0,0,Thursday,TRUE,Fall, ,37,3
558,558,2016,Sep,38,3,260,16,0,0,Friday,TRUE,Fall, ,37,3
559,559,2016,Sep,38,3,261,17,0,0,Saturday,FALSE,Fall, ,37,3
560,560,2016,Sep,38,4,262,18,0,0,Sunday,FALSE,Fall, ,37,4
561,561,2016,Sep,38,4,263,19,0,0,Monday,TRUE,Fall, ,38,4
562,562,2016,Sep,38,4,264,20,0,0,Tuesday,TRUE,Fall, ,38,4
563,563,2016,Sep,38,4,265,21,0,0,Wednesday,TRUE,Fall, ,38,4
564,564,2016,Sep,38,4,266,22,0,0,Thursday,TRUE,Fall, ,38,4
565,565,2016,Sep,39,4,267,23,0,0,Friday,TRUE,Fall, ,38,4
566,566,2016,Sep,39,4,268,24,0,0,Saturday,FALSE,Fall, ,38,4
567,567,2016,Sep,39,5,269,25,0,0,Sunday,FALSE,Fall, ,38,5
568,568,2016,Sep,39,5,270,26,0,0,Monday,TRUE,Fall, ,39,5
569,569,2016,Sep,39,5,271,27,0,0,Tuesday,TRUE,Fall, ,39,5
570,570,2016,Sep,39,5,272,28,0,0,Wednesday,TRUE,Fall, ,39,5
571,571,2016,Sep,39,5,273,29,0,0,Thursday,TRUE,Fall, ,39,5
572,572,2016,Sep,40,5,274,30,0,0,Friday,TRUE,Fall,Annual Progress Report,39,5
573,573,2016,Oct,40,1,275,1,0,0,Saturday,FALSE,Fall, ,39,1
574,574,2016,Oct,40,2,276,2,0,0,Sunday,FALSE,Fall, ,39,2
575,575,2016,Oct,40,2,277,3,0,0,Monday,TRUE,Fall, ,40,2
576,576,2016,Oct,40,2,278,4,0,0,Tuesday,TRUE,Fall, ,40,2
577,577,2016,Oct,40,2,279,5,0,0,Wednesday,TRUE,Fall, ,40,2
578,578,2016,Oct,40,2,280,6,0,0,Thursday,TRUE,Fall, ,40,2
579,579,2016,Oct,41,2,281,7,0,0,Friday,TRUE,Fall, ,40,2
580,580,2016,Oct,41,2,282,8,0,0,Saturday,FALSE,Fall, ,40,2
581,581,2016,Oct,41,3,283,9,0,0,Sunday,FALSE,Fall, ,40,3
582,582,2016,Oct,41,3,284,10,0,0,Monday,TRUE,Fall, ,41,3
583,583,2016,Oct,41,3,285,11,0,0,Tuesday,TRUE,Fall, ,41,3
584,584,2016,Oct,41,3,286,12,0,0,Wednesday,TRUE,Fall, ,41,3
585,585,2016,Oct,41,3,287,13,0,0,Thursday,TRUE,Fall, ,41,3
586,586,2016,Oct,42,3,288,14,0,0,Friday,TRUE,Fall, ,41,3
587,587,2016,Oct,42,3,289,15,0,0,Saturday,FALSE,Fall, ,41,3
588,588,2016,Oct,42,4,290,16,0,0,Sunday,FALSE,Fall, ,41,4
589,589,2016,Oct,42,4,291,17,0,0,Monday,TRUE,Fall, ,42,4
590,590,2016,Oct,42,4,292,18,0,0,Tuesday,TRUE,Fall, ,42,4
591,591,2016,Oct,42,4,293,19,0,0,Wednesday,TRUE,Fall, ,42,4
592,592,2016,Oct,42,4,294,20,0,0,Thursday,TRUE,Fall, ,42,4
593,593,2016,Oct,43,4,295,21,0,0,Friday,TRUE,Fall, ,42,4
594,594,2016,Oct,43,4,296,22,0,0,Saturday,FALSE,Fall, ,42,4
595,595,2016,Oct,43,5,297,23,0,0,Sunday,FALSE,Fall, ,42,5
596,596,2016,Oct,43,5,298,24,0,0,Monday,TRUE,Fall, ,43,5
597,597,2016,Oct,43,5,299,25,0,0,Tuesday,TRUE,Fall, ,43,5
598,598,2016,Oct,43,5,300,26,0,0,Wednesday,TRUE,Fall, ,43,5
599,599,2016,Oct,43,5,301,27,0,0,Thursday,TRUE,Fall, ,43,5
600,600,2016,Oct,44,5,302,28,0,0,Friday,TRUE,Fall, ,43,5
601,601,2016,Oct,44,5,303,29,0,0,Saturday,FALSE,Fall, ,43,5
602,602,2016,Oct,44,6,304,30,0,0,Sunday,FALSE,Fall, ,43,6
603,603,2016,Oct,44,6,305,31,0,0,Monday,TRUE,Fall, ,44,6
604,604,2016,Nov,44,1,306,1,0,0,Tuesday,TRUE,Fall, ,44,1
605,605,2016,Nov,44,1,307,2,0,0,Wednesday,TRUE,Fall, ,44,1
606,606,2016,Nov,44,1,308,3,0,0,Thursday,TRUE,Fall, ,44,1
607,607,2016,Nov,45,1,309,4,0,0,Friday,TRUE,Fall, ,44,1
608,608,2016,Nov,45,1,310,5,0,0,Saturday,FALSE,Fall, ,44,1
609,609,2016,Nov,45,2,311,6,0,0,Sunday,FALSE,Fall, ,44,2
610,610,2016,Nov,45,2,312,7,0,0,Monday,TRUE,Fall, ,45,2
611,611,2016,Nov,45,2,313,8,0,0,Tuesday,TRUE,Fall, ,45,2
612,612,2016,Nov,45,2,314,9,0,0,Wednesday,TRUE,Fall, ,45,2
613,613,2016,Nov,45,2,315,10,0,0,Thursday,TRUE,Fall, ,45,2
614,614,2016,Nov,46,2,316,11,0,0,Friday,TRUE,Fall, ,45,2
615,615,2016,Nov,46,2,317,12,0,0,Saturday,FALSE,Fall, ,45,2
616,616,2016,Nov,46,3,318,13,0,0,Sunday,FALSE,Fall, ,45,3
617,617,2016,Nov,46,3,319,14,0,0,Monday,TRUE,Fall, ,46,3
618,618,2016,Nov,46,3,320,15,0,0,Tuesday,TRUE,Fall, ,46,3
619,619,2016,Nov,46,3,321,16,0,0,Wednesday,TRUE,Fall, ,46,3
620,620,2016,Nov,46,3,322,17,0,0,Thursday,TRUE,Fall, ,46,3
621,621,2016,Nov,47,3,323,18,0,0,Friday,TRUE,Fall, ,46,3
622,622,2016,Nov,47,3,324,19,0,0,Saturday,FALSE,Fall, ,46,3
623,623,2016,Nov,47,4,325,20,0,0,Sunday,FALSE,Fall, ,46,4
624,624,2016,Nov,47,4,326,21,0,0,Monday,TRUE,Fall, ,47,4
625,625,2016,Nov,47,4,327,22,0,0,Tuesday,TRUE,Fall, ,47,4
626,626,2016,Nov,47,4,328,23,0,0,Wednesday,TRUE,Fall, ,47,4
627,627,2016,Nov,47,4,329,24,0,0,Thursday,FALSE,Fall, ,47,4
628,628,2016,Nov,48,4,330,25,0,0,Friday,TRUE,Fall, ,47,4
629,629,2016,Nov,48,4,331,26,0,0,Saturday,FALSE,Fall, ,47,4
630,630,2016,Nov,48,5,332,27,0,0,Sunday,FALSE,Fall, ,47,5
631,631,2016,Nov,48,5,333,28,0,0,Monday,TRUE,Fall, ,48,5
632,632,2016,Nov,48,5,334,29,0,0,Tuesday,TRUE,Fall, ,48,5
633,633,2016,Nov,48,5,335,30,0,0,Wednesday,TRUE,Fall, ,48,5
634,634,2016,Dec,48,1,336,1,0,0,Thursday,TRUE,Fall, ,48,1
635,635,2016,Dec,49,1,337,2,0,0,Friday,TRUE,Fall, ,48,1
636,636,2016,Dec,49,1,338,3,0,0,Saturday,FALSE,Fall, ,48,1
637,637,2016,Dec,49,2,339,4,0,0,Sunday,FALSE,Fall, ,48,2
638,638,2016,Dec,49,2,340,5,0,0,Monday,TRUE,Fall, ,49,2
639,639,2016,Dec,49,2,341,6,0,0,Tuesday,TRUE,Fall, ,49,2
640,640,2016,Dec,49,2,342,7,0,0,Wednesday,TRUE,Fall, ,49,2
641,641,2016,Dec,49,2,343,8,0,0,Thursday,TRUE,Fall, ,49,2
642,642,2016,Dec,50,2,344,9,0,0,Friday,TRUE,Fall, ,49,2
643,643,2016,Dec,50,2,345,10,0,0,Saturday,FALSE,Fall, ,49,2
644,644,2016,Dec,50,3,346,11,0,0,Sunday,FALSE,Fall, ,49,3
645,645,2016,Dec,50,3,347,12,0,0,Monday,TRUE,Fall, ,50,3
646,646,2016,Dec,50,3,348,13,0,0,Tuesday,TRUE,Fall, ,50,3
647,647,2016,Dec,50,3,349,14,0,0,Wednesday,TRUE,Fall, ,50,3
648,648,2016,Dec,50,3,350,15,0,0,Thursday,TRUE,Winter, ,50,3
649,649,2016,Dec,51,3,351,16,0,0,Friday,TRUE,Winter, ,50,3
650,650,2016,Dec,51,3,352,17,0,0,Saturday,FALSE,Winter, ,50,3
651,651,2016,Dec,51,4,353,18,0,0,Sunday,FALSE,Winter, ,50,4
652,652,2016,Dec,51,4,354,19,0,0,Monday,TRUE,Winter, ,51,4
653,653,2016,Dec,51,4,355,20,0,0,Tuesday,TRUE,Winter, ,51,4
654,654,2016,Dec,51,4,356,21,0,0,Wednesday,TRUE,Winter, ,51,4
655,655,2016,Dec,51,4,357,22,0,0,Thursday,TRUE,Winter, ,51,4
656,656,2016,Dec,52,4,358,23,0,0,Friday,TRUE,Winter, ,51,4
657,657,2016,Dec,52,4,359,24,0,0,Saturday,FALSE,Winter, ,51,4
658,658,2016,Dec,52,5,360,25,0,0,Sunday,FALSE,Winter, ,51,5
659,659,2016,Dec,52,5,361,26,0,0,Monday,FALSE,Winter, ,52,5
660,660,2016,Dec,52,5,362,27,0,0,Tuesday,TRUE,Winter, ,52,5
661,661,2016,Dec,52,5,363,28,0,0,Wednesday,TRUE,Winter, ,52,5
662,662,2016,Dec,52,5,364,29,0,0,Thursday,TRUE,Winter, ,52,5
663,663,2016,Dec,53,5,365,30,0,0,Friday,TRUE,Winter, ,52,5
664,664,2016,Dec,53,5,366,31,0,0,Saturday,FALSE,Winter, ,52,5
665,665,2017,Jan,1,1,1,1,0,0,Sunday,FALSE,Winter, ,0,1
666,666,2017,Jan,1,1,2,2,0,0,Monday,FALSE,Winter, ,1,1
667,667,2017,Jan,1,1,3,3,0,0,Tuesday,TRUE,Winter, ,1,1
668,668,2017,Jan,1,1,4,4,0,0,Wednesday,TRUE,Winter, ,1,1
669,669,2017,Jan,1,1,5,5,0,0,Thursday,TRUE,Winter, ,1,1
670,670,2017,Jan,1,1,6,6,0,0,Friday,TRUE,Winter, ,1,1
671,671,2017,Jan,1,1,7,7,0,0,Saturday,FALSE,Winter, ,1,1
672,672,2017,Jan,2,2,8,8,0,0,Sunday,FALSE,Winter, ,1,2
673,673,2017,Jan,2,2,9,9,0,0,Monday,TRUE,Winter, ,2,2
674,674,2017,Jan,2,2,10,10,0,0,Tuesday,TRUE,Winter, ,2,2
675,675,2017,Jan,2,2,11,11,0,0,Wednesday,TRUE,Winter, ,2,2
676,676,2017,Jan,2,2,12,12,0,0,Thursday,TRUE,Winter, ,2,2
677,677,2017,Jan,2,2,13,13,0,0,Friday,TRUE,Winter, ,2,2
678,678,2017,Jan,2,2,14,14,0,0,Saturday,FALSE,Winter, ,2,2
679,679,2017,Jan,3,3,15,15,0,0,Sunday,FALSE,Winter, ,2,3
680,680,2017,Jan,3,3,16,16,0,0,Monday,FALSE,Winter, ,3,3
681,681,2017,Jan,3,3,17,17,0,0,Tuesday,TRUE,Winter, ,3,3
682,682,2017,Jan,3,3,18,18,0,0,Wednesday,TRUE,Winter, ,3,3
683,683,2017,Jan,3,3,19,19,0,0,Thursday,TRUE,Winter, ,3,3
684,684,2017,Jan,3,3,20,20,0,0,Friday,TRUE,Winter, ,3,3
685,685,2017,Jan,3,3,21,21,0,0,Saturday,FALSE,Winter, ,3,3
686,686,2017,Jan,4,4,22,22,0,0,Sunday,FALSE,Winter, ,3,4
687,687,2017,Jan,4,4,23,23,0,0,Monday,TRUE,Winter, ,4,4
688,688,2017,Jan,4,4,24,24,0,0,Tuesday,TRUE,Winter, ,4,4
689,689,2017,Jan,4,4,25,25,0,0,Wednesday,TRUE,Winter, ,4,4
690,690,2017,Jan,4,4,26,26,0,0,Thursday,TRUE,Winter, ,4,4
691,691,2017,Jan,4,4,27,27,0,0,Friday,TRUE,Winter, ,4,4
692,692,2017,Jan,4,4,28,28,0,0,Saturday,FALSE,Winter, ,4,4
693,693,2017,Jan,5,5,29,29,0,0,Sunday,FALSE,Winter, ,4,5
694,694,2017,Jan,5,5,30,30,0,0,Monday,TRUE,Winter, ,5,5
695,695,2017,Jan,5,5,31,31,0,0,Tuesday,TRUE,Winter, ,5,5
696,696,2017,Feb,5,1,32,1,0,0,Wednesday,TRUE,Winter, ,5,1
697,697,2017,Feb,5,1,33,2,0,0,Thursday,TRUE,Winter, ,5,1
698,698,2017,Feb,5,1,34,3,0,0,Friday,TRUE,Winter, ,5,1
699,699,2017,Feb,5,1,35,4,0,0,Saturday,FALSE,Winter, ,5,1
700,700,2017,Feb,6,2,36,5,0,0,Sunday,FALSE,Winter, ,5,2
701,701,2017,Feb,6,2,37,6,0,0,Monday,TRUE,Winter, ,6,2
702,702,2017,Feb,6,2,38,7,0,0,Tuesday,TRUE,Winter, ,6,2
703,703,2017,Feb,6,2,39,8,0,0,Wednesday,TRUE,Winter, ,6,2
704,704,2017,Feb,6,2,40,9,0,0,Thursday,TRUE,Winter, ,6,2
705,705,2017,Feb,6,2,41,10,0,0,Friday,TRUE,Winter, ,6,2
706,706,2017,Feb,6,2,42,11,0,0,Saturday,FALSE,Winter, ,6,2
707,707,2017,Feb,7,3,43,12,0,0,Sunday,FALSE,Winter, ,6,3
708,708,2017,Feb,7,3,44,13,0,0,Monday,TRUE,Winter, ,7,3
709,709,2017,Feb,7,3,45,14,0,0,Tuesday,TRUE,Winter, ,7,3
710,710,2017,Feb,7,3,46,15,0,0,Wednesday,TRUE,Winter, ,7,3
711,711,2017,Feb,7,3,47,16,0,0,Thursday,TRUE,Winter, ,7,3
712,712,2017,Feb,7,3,48,17,0,0,Friday,TRUE,Winter, ,7,3
713,713,2017,Feb,7,3,49,18,0,0,Saturday,FALSE,Winter, ,7,3
714,714,2017,Feb,8,4,50,19,0,0,Sunday,FALSE,Winter, ,7,4
715,715,2017,Feb,8,4,51,20,0,0,Monday,FALSE,Winter, ,8,4
716,716,2017,Feb,8,4,52,21,0,0,Tuesday,TRUE,Winter, ,8,4
717,717,2017,Feb,8,4,53,22,0,0,Wednesday,TRUE,Winter, ,8,4
718,718,2017,Feb,8,4,54,23,0,0,Thursday,TRUE,Winter, ,8,4
719,719,2017,Feb,8,4,55,24,0,0,Friday,TRUE,Winter, ,8,4
720,720,2017,Feb,8,4,56,25,0,0,Saturday,FALSE,Winter, ,8,4
721,721,2017,Feb,9,5,57,26,0,0,Sunday,FALSE,Winter, ,8,5
722,722,2017,Feb,9,5,58,27,0,0,Monday,TRUE,Winter, ,9,5
723,723,2017,Feb,9,5,59,28,0,0,Tuesday,TRUE,Winter, ,9,5
724,724,2017,Mar,9,1,60,1,0,0,Wednesday,TRUE,Winter, ,9,1
725,725,2017,Mar,9,1,61,2,0,0,Thursday,TRUE,Winter, ,9,1
726,726,2017,Mar,9,1,62,3,0,0,Friday,TRUE,Winter, ,9,1
727,727,2017,Mar,9,1,63,4,0,0,Saturday,FALSE,Winter, ,9,1
728,728,2017,Mar,10,2,64,5,0,0,Sunday,FALSE,Winter, ,9,2
729,729,2017,Mar,10,2,65,6,0,0,Monday,TRUE,Winter, ,10,2
730,730,2017,Mar,10,2,66,7,0,0,Tuesday,TRUE,Winter, ,10,2
731,731,2017,Mar,10,2,67,8,0,0,Wednesday,TRUE,Winter, ,10,2
732,732,2017,Mar,10,2,68,9,0,0,Thursday,TRUE,Winter,Work in Progress Seminar,10,2
733,733,2017,Mar,10,2,69,10,0,0,Friday,TRUE,Winter, ,10,2
734,734,2017,Mar,10,2,70,11,0,0,Saturday,FALSE,Winter, ,10,2
735,735,2017,Mar,11,3,71,12,0,0,Sunday,FALSE,Winter, ,10,3
736,736,2017,Mar,11,3,72,13,0,0,Monday,TRUE,Winter, ,11,3
737,737,2017,Mar,11,3,73,14,0,0,Tuesday,TRUE,Winter, ,11,3
738,738,2017,Mar,11,3,74,15,0,0,Wednesday,TRUE,Spring, ,11,3
739,739,2017,Mar,11,3,75,16,0,0,Thursday,TRUE,Spring, ,11,3
740,740,2017,Mar,11,3,76,17,0,0,Friday,TRUE,Spring, ,11,3
741,741,2017,Mar,11,3,77,18,0,0,Saturday,FALSE,Spring, ,11,3
742,742,2017,Mar,12,4,78,19,0,0,Sunday,FALSE,Spring, ,11,4
743,743,2017,Mar,12,4,79,20,0,0,Monday,TRUE,Spring, ,12,4
744,744,2017,Mar,12,4,80,21,0,0,Tuesday,TRUE,Spring, ,12,4
745,745,2017,Mar,12,4,81,22,0,0,Wednesday,TRUE,Spring, ,12,4
746,746,2017,Mar,12,4,82,23,0,0,Thursday,TRUE,Spring, ,12,4
747,747,2017,Mar,12,4,83,24,0,0,Friday,TRUE,Spring, ,12,4
748,748,2017,Mar,12,4,84,25,0,0,Saturday,FALSE,Spring, ,12,4
749,749,2017,Mar,13,5,85,26,0,0,Sunday,FALSE,Spring, ,12,5
750,750,2017,Mar,13,5,86,27,0,0,Monday,TRUE,Spring, ,13,5
751,751,2017,Mar,13,5,87,28,0,0,Tuesday,TRUE,Spring, ,13,5
752,752,2017,Mar,13,5,88,29,0,0,Wednesday,TRUE,Spring, ,13,5
753,753,2017,Mar,13,5,89,30,0,0,Thursday,TRUE,Spring, ,13,5
754,754,2017,Mar,13,5,90,31,0,0,Friday,TRUE,Spring,Research Plan Review,13,5
755,755,2017,Apr,13,1,91,1,0,0,Saturday,FALSE,Spring, ,13,1
756,756,2017,Apr,14,2,92,2,0,0,Sunday,FALSE,Spring, ,13,2
757,757,2017,Apr,14,2,93,3,0,0,Monday,TRUE,Spring, ,14,2
758,758,2017,Apr,14,2,94,4,0,0,Tuesday,TRUE,Spring, ,14,2
759,759,2017,Apr,14,2,95,5,0,0,Wednesday,TRUE,Spring, ,14,2
760,760,2017,Apr,14,2,96,6,0,0,Thursday,TRUE,Spring, ,14,2
761,761,2017,Apr,14,2,97,7,0,0,Friday,TRUE,Spring, ,14,2
762,762,2017,Apr,14,2,98,8,0,0,Saturday,FALSE,Spring, ,14,2
763,763,2017,Apr,15,3,99,9,0,0,Sunday,FALSE,Spring, ,14,3
764,764,2017,Apr,15,3,100,10,0,0,Monday,TRUE,Spring, ,15,3
765,765,2017,Apr,15,3,101,11,0,0,Tuesday,TRUE,Spring, ,15,3
766,766,2017,Apr,15,3,102,12,0,0,Wednesday,TRUE,Spring, ,15,3
767,767,2017,Apr,15,3,103,13,0,0,Thursday,TRUE,Spring, ,15,3
768,768,2017,Apr,15,3,104,14,0,0,Friday,FALSE,Spring, ,15,3
769,769,2017,Apr,15,3,105,15,0,0,Saturday,FALSE,Spring, ,15,3
770,770,2017,Apr,16,4,106,16,0,0,Sunday,FALSE,Spring, ,15,4
771,771,2017,Apr,16,4,107,17,0,0,Monday,TRUE,Spring, ,16,4
772,772,2017,Apr,16,4,108,18,0,0,Tuesday,TRUE,Spring, ,16,4
773,773,2017,Apr,16,4,109,19,0,0,Wednesday,TRUE,Spring, ,16,4
774,774,2017,Apr,16,4,110,20,0,0,Thursday,TRUE,Spring, ,16,4
775,775,2017,Apr,16,4,111,21,0,0,Friday,TRUE,Spring, ,16,4
776,776,2017,Apr,16,4,112,22,0,0,Saturday,FALSE,Spring, ,16,4
777,777,2017,Apr,17,5,113,23,0,0,Sunday,FALSE,Spring, ,16,5
778,778,2017,Apr,17,5,114,24,0,0,Monday,TRUE,Spring, ,17,5
779,779,2017,Apr,17,5,115,25,0,0,Tuesday,TRUE,Spring, ,17,5
780,780,2017,Apr,17,5,116,26,0,0,Wednesday,TRUE,Spring, ,17,5
781,781,2017,Apr,17,5,117,27,0,0,Thursday,TRUE,Spring, ,17,5
782,782,2017,Apr,17,5,118,28,0,0,Friday,TRUE,Spring, ,17,5
783,783,2017,Apr,17,5,119,29,0,0,Saturday,FALSE,Spring, ,17,5
784,784,2017,Apr,18,6,120,30,0,0,Sunday,FALSE,Spring, ,17,6
785,785,2017,May,18,1,121,1,0,0,Monday,TRUE,Spring, ,18,1
786,786,2017,May,18,1,122,2,0,0,Tuesday,TRUE,Spring, ,18,1
787,787,2017,May,18,1,123,3,0,0,Wednesday,TRUE,Spring, ,18,1
788,788,2017,May,18,1,124,4,0,0,Thursday,TRUE,Spring, ,18,1
789,789,2017,May,18,1,125,5,0,0,Friday,TRUE,Spring, ,18,1
790,790,2017,May,18,1,126,6,0,0,Saturday,FALSE,Spring, ,18,1
791,791,2017,May,19,2,127,7,0,0,Sunday,FALSE,Spring, ,18,2
792,792,2017,May,19,2,128,8,0,0,Monday,TRUE,Spring, ,19,2
793,793,2017,May,19,2,129,9,0,0,Tuesday,TRUE,Spring, ,19,2
794,794,2017,May,19,2,130,10,0,0,Wednesday,TRUE,Spring, ,19,2
795,795,2017,May,19,2,131,11,0,0,Thursday,TRUE,Spring, ,19,2
796,796,2017,May,19,2,132,12,0,0,Friday,TRUE,Spring, ,19,2
797,797,2017,May,19,2,133,13,0,0,Saturday,FALSE,Spring, ,19,2
798,798,2017,May,20,3,134,14,0,0,Sunday,FALSE,Spring, ,19,3
799,799,2017,May,20,3,135,15,0,0,Monday,TRUE,Spring, ,20,3
800,800,2017,May,20,3,136,16,0,0,Tuesday,TRUE,Spring, ,20,3
801,801,2017,May,20,3,137,17,0,0,Wednesday,TRUE,Spring, ,20,3
802,802,2017,May,20,3,138,18,0,0,Thursday,TRUE,Spring, ,20,3
803,803,2017,May,20,3,139,19,0,0,Friday,TRUE,Spring, ,20,3
804,804,2017,May,20,3,140,20,0,0,Saturday,FALSE,Spring, ,20,3
805,805,2017,May,21,4,141,21,0,0,Sunday,FALSE,Spring, ,20,4
806,806,2017,May,21,4,142,22,0,0,Monday,TRUE,Spring, ,21,4
807,807,2017,May,21,4,143,23,0,0,Tuesday,TRUE,Spring, ,21,4
808,808,2017,May,21,4,144,24,0,0,Wednesday,TRUE,Spring, ,21,4
809,809,2017,May,21,4,145,25,0,0,Thursday,TRUE,Spring, ,21,4
810,810,2017,May,21,4,146,26,0,0,Friday,TRUE,Spring, ,21,4
811,811,2017,May,21,4,147,27,0,0,Saturday,FALSE,Spring, ,21,4
812,812,2017,May,22,5,148,28,0,0,Sunday,FALSE,Spring, ,21,5
813,813,2017,May,22,5,149,29,0,0,Monday,FALSE,Spring, ,22,5
814,814,2017,May,22,5,150,30,0,0,Tuesday,TRUE,Spring, ,22,5
815,815,2017,May,22,5,151,31,0,0,Wednesday,TRUE,Spring, ,22,5
816,816,2017,Jun,22,1,152,1,0,0,Thursday,TRUE,Spring, ,22,1
817,817,2017,Jun,22,1,153,2,0,0,Friday,TRUE,Spring, ,22,1
818,818,2017,Jun,22,1,154,3,0,0,Saturday,FALSE,Spring, ,22,1
819,819,2017,Jun,23,2,155,4,0,0,Sunday,FALSE,Spring, ,22,2
820,820,2017,Jun,23,2,156,5,0,0,Monday,TRUE,Spring, ,23,2
821,821,2017,Jun,23,2,157,6,0,0,Tuesday,TRUE,Spring, ,23,2
822,822,2017,Jun,23,2,158,7,0,0,Wednesday,TRUE,Spring, ,23,2
823,823,2017,Jun,23,2,159,8,0,0,Thursday,TRUE,Spring, ,23,2
824,824,2017,Jun,23,2,160,9,0,0,Friday,TRUE,Spring, ,23,2
825,825,2017,Jun,23,2,161,10,0,0,Saturday,FALSE,Spring, ,23,2
826,826,2017,Jun,24,3,162,11,0,0,Sunday,FALSE,Spring, ,23,3
827,827,2017,Jun,24,3,163,12,0,0,Monday,TRUE,Spring, ,24,3
828,828,2017,Jun,24,3,164,13,0,0,Tuesday,TRUE,Spring, ,24,3
829,829,2017,Jun,24,3,165,14,0,0,Wednesday,TRUE,Spring, ,24,3
830,830,2017,Jun,24,3,166,15,0,0,Thursday,TRUE,Summer, ,24,3
831,831,2017,Jun,24,3,167,16,0,0,Friday,TRUE,Summer, ,24,3
832,832,2017,Jun,24,3,168,17,0,0,Saturday,FALSE,Summer, ,24,3
833,833,2017,Jun,25,4,169,18,0,0,Sunday,FALSE,Summer, ,24,4
834,834,2017,Jun,25,4,170,19,0,0,Monday,TRUE,Summer, ,25,4
835,835,2017,Jun,25,4,171,20,0,0,Tuesday,TRUE,Summer, ,25,4
836,836,2017,Jun,25,4,172,21,0,0,Wednesday,TRUE,Summer, ,25,4
837,837,2017,Jun,25,4,173,22,0,0,Thursday,TRUE,Summer, ,25,4
838,838,2017,Jun,25,4,174,23,0,0,Friday,TRUE,Summer, ,25,4
839,839,2017,Jun,25,4,175,24,0,0,Saturday,FALSE,Summer, ,25,4
840,840,2017,Jun,26,5,176,25,0,0,Sunday,FALSE,Summer, ,25,5
841,841,2017,Jun,26,5,177,26,0,0,Monday,TRUE,Summer, ,26,5
842,842,2017,Jun,26,5,178,27,0,0,Tuesday,TRUE,Summer, ,26,5
843,843,2017,Jun,26,5,179,28,0,0,Wednesday,TRUE,Summer, ,26,5
844,844,2017,Jun,26,5,180,29,0,0,Thursday,TRUE,Summer, ,26,5
845,845,2017,Jun,26,5,181,30,0,0,Friday,TRUE,Summer, ,26,5
846,846,2017,Jul,26,1,182,1,0,0,Saturday,FALSE,Summer, ,26,1
847,847,2017,Jul,27,2,183,2,0,0,Sunday,FALSE,Summer, ,26,2
848,848,2017,Jul,27,2,184,3,0,0,Monday,TRUE,Summer, ,27,2
849,849,2017,Jul,27,2,185,4,0,0,Tuesday,FALSE,Summer, ,27,2
850,850,2017,Jul,27,2,186,5,0,0,Wednesday,TRUE,Summer, ,27,2
851,851,2017,Jul,27,2,187,6,0,0,Thursday,TRUE,Summer, ,27,2
852,852,2017,Jul,27,2,188,7,0,0,Friday,TRUE,Summer, ,27,2
853,853,2017,Jul,27,2,189,8,0,0,Saturday,FALSE,Summer, ,27,2
854,854,2017,Jul,28,3,190,9,0,0,Sunday,FALSE,Summer, ,27,3
855,855,2017,Jul,28,3,191,10,0,0,Monday,TRUE,Summer, ,28,3
856,856,2017,Jul,28,3,192,11,0,0,Tuesday,TRUE,Summer, ,28,3
857,857,2017,Jul,28,3,193,12,0,0,Wednesday,TRUE,Summer, ,28,3
858,858,2017,Jul,28,3,194,13,0,0,Thursday,TRUE,Summer, ,28,3
859,859,2017,Jul,28,3,195,14,0,0,Friday,TRUE,Summer, ,28,3
860,860,2017,Jul,28,3,196,15,0,0,Saturday,FALSE,Summer, ,28,3
861,861,2017,Jul,29,4,197,16,0,0,Sunday,FALSE,Summer, ,28,4
862,862,2017,Jul,29,4,198,17,0,0,Monday,TRUE,Summer, ,29,4
863,863,2017,Jul,29,4,199,18,0,0,Tuesday,TRUE,Summer, ,29,4
864,864,2017,Jul,29,4,200,19,0,0,Wednesday,TRUE,Summer, ,29,4
865,865,2017,Jul,29,4,201,20,0,0,Thursday,TRUE,Summer, ,29,4
866,866,2017,Jul,29,4,202,21,0,0,Friday,TRUE,Summer, ,29,4
867,867,2017,Jul,29,4,203,22,0,0,Saturday,FALSE,Summer, ,29,4
868,868,2017,Jul,30,5,204,23,0,0,Sunday,FALSE,Summer, ,29,5
869,869,2017,Jul,30,5,205,24,0,0,Monday,TRUE,Summer, ,30,5
870,870,2017,Jul,30,5,206,25,0,0,Tuesday,TRUE,Summer, ,30,5
871,871,2017,Jul,30,5,207,26,0,0,Wednesday,TRUE,Summer, ,30,5
872,872,2017,Jul,30,5,208,27,0,0,Thursday,TRUE,Summer, ,30,5
873,873,2017,Jul,30,5,209,28,0,0,Friday,TRUE,Summer, ,30,5
874,874,2017,Jul,30,5,210,29,0,0,Saturday,FALSE,Summer, ,30,5
875,875,2017,Jul,31,6,211,30,0,0,Sunday,FALSE,Summer, ,30,6
876,876,2017,Jul,31,6,212,31,0,0,Monday,TRUE,Summer, ,31,6
877,877,2017,Aug,31,1,213,1,0,0,Tuesday,TRUE,Summer, ,31,1
878,878,2017,Aug,31,1,214,2,0,0,Wednesday,TRUE,Summer, ,31,1
879,879,2017,Aug,31,1,215,3,0,0,Thursday,TRUE,Summer, ,31,1
880,880,2017,Aug,31,1,216,4,0,0,Friday,TRUE,Summer, ,31,1
881,881,2017,Aug,31,1,217,5,0,0,Saturday,FALSE,Summer, ,31,1
882,882,2017,Aug,32,2,218,6,0,0,Sunday,FALSE,Summer, ,31,2
883,883,2017,Aug,32,2,219,7,0,0,Monday,TRUE,Summer, ,32,2
884,884,2017,Aug,32,2,220,8,0,0,Tuesday,TRUE,Summer, ,32,2
885,885,2017,Aug,32,2,221,9,0,0,Wednesday,TRUE,Summer, ,32,2
886,886,2017,Aug,32,2,222,10,0,0,Thursday,TRUE,Summer, ,32,2
887,887,2017,Aug,32,2,223,11,0,0,Friday,TRUE,Summer, ,32,2
888,888,2017,Aug,32,2,224,12,0,0,Saturday,FALSE,Summer, ,32,2
889,889,2017,Aug,33,3,225,13,0,0,Sunday,FALSE,Summer, ,32,3
890,890,2017,Aug,33,3,226,14,0,0,Monday,TRUE,Summer, ,33,3
891,891,2017,Aug,33,3,227,15,0,0,Tuesday,TRUE,Summer, ,33,3
892,892,2017,Aug,33,3,228,16,0,0,Wednesday,TRUE,Summer, ,33,3
893,893,2017,Aug,33,3,229,17,0,0,Thursday,TRUE,Summer, ,33,3
894,894,2017,Aug,33,3,230,18,0,0,Friday,TRUE,Summer, ,33,3
895,895,2017,Aug,33,3,231,19,0,0,Saturday,FALSE,Summer, ,33,3
896,896,2017,Aug,34,4,232,20,0,0,Sunday,FALSE,Summer, ,33,4
897,897,2017,Aug,34,4,233,21,0,0,Monday,TRUE,Summer, ,34,4
898,898,2017,Aug,34,4,234,22,0,0,Tuesday,TRUE,Summer, ,34,4
899,899,2017,Aug,34,4,235,23,0,0,Wednesday,TRUE,Summer, ,34,4
900,900,2017,Aug,34,4,236,24,0,0,Thursday,TRUE,Summer, ,34,4
901,901,2017,Aug,34,4,237,25,0,0,Friday,TRUE,Summer, ,34,4
902,902,2017,Aug,34,4,238,26,0,0,Saturday,FALSE,Summer, ,34,4
903,903,2017,Aug,35,5,239,27,0,0,Sunday,FALSE,Summer, ,34,5
904,904,2017,Aug,35,5,240,28,0,0,Monday,TRUE,Summer, ,35,5
905,905,2017,Aug,35,5,241,29,0,0,Tuesday,TRUE,Summer, ,35,5
906,906,2017,Aug,35,5,242,30,0,0,Wednesday,TRUE,Summer, ,35,5
907,907,2017,Aug,35,5,243,31,0,0,Thursday,TRUE,Summer, ,35,5
908,908,2017,Sep,35,1,244,1,0,0,Friday,TRUE,Summer, ,35,1
909,909,2017,Sep,35,1,245,2,0,0,Saturday,FALSE,Summer, ,35,1
910,910,2017,Sep,36,2,246,3,0,0,Sunday,FALSE,Summer, ,35,2
911,911,2017,Sep,36,2,247,4,0,0,Monday,FALSE,Summer, ,36,2
912,912,2017,Sep,36,2,248,5,0,0,Tuesday,TRUE,Summer, ,36,2
913,913,2017,Sep,36,2,249,6,0,0,Wednesday,TRUE,Summer, ,36,2
914,914,2017,Sep,36,2,250,7,0,0,Thursday,TRUE,Summer, ,36,2
915,915,2017,Sep,36,2,251,8,0,0,Friday,TRUE,Summer, ,36,2
916,916,2017,Sep,36,2,252,9,0,0,Saturday,FALSE,Summer,Identify Reviewers,36,2
917,917,2017,Sep,37,3,253,10,0,0,Sunday,FALSE,Summer, ,36,3
918,918,2017,Sep,37,3,254,11,0,0,Monday,TRUE,Summer, ,37,3
919,919,2017,Sep,37,3,255,12,0,0,Tuesday,TRUE,Summer, ,37,3
920,920,2017,Sep,37,3,256,13,0,0,Wednesday,TRUE,Summer, ,37,3
921,921,2017,Sep,37,3,257,14,0,0,Thursday,TRUE,Summer, ,37,3
922,922,2017,Sep,37,3,258,15,0,0,Friday,TRUE,Fall, ,37,3
923,923,2017,Sep,37,3,259,16,0,0,Saturday,FALSE,Fall, ,37,3
924,924,2017,Sep,38,4,260,17,0,0,Sunday,FALSE,Fall, ,37,4
925,925,2017,Sep,38,4,261,18,0,0,Monday,TRUE,Fall, ,38,4
926,926,2017,Sep,38,4,262,19,0,0,Tuesday,TRUE,Fall, ,38,4
927,927,2017,Sep,38,4,263,20,0,0,Wednesday,TRUE,Fall, ,38,4
928,928,2017,Sep,38,4,264,21,0,0,Thursday,TRUE,Fall, ,38,4
929,929,2017,Sep,38,4,265,22,0,0,Friday,TRUE,Fall, ,38,4
930,930,2017,Sep,38,4,266,23,0,0,Saturday,FALSE,Fall, ,38,4
931,931,2017,Sep,39,5,267,24,0,0,Sunday,FALSE,Fall, ,38,5
932,932,2017,Sep,39,5,268,25,0,0,Monday,TRUE,Fall, ,39,5
933,933,2017,Sep,39,5,269,26,0,0,Tuesday,TRUE,Fall, ,39,5
934,934,2017,Sep,39,5,270,27,0,0,Wednesday,TRUE,Fall, ,39,5
935,935,2017,Sep,39,5,271,28,0,0,Thursday,TRUE,Fall, ,39,5
936,936,2017,Sep,39,5,272,29,0,0,Friday,TRUE,Fall, ,39,5
937,937,2017,Sep,39,5,273,30,0,0,Saturday,FALSE,Fall,Annual Progress Report,39,5
938,938,2017,Oct,40,1,274,1,0,0,Sunday,FALSE,Fall, ,39,1
939,939,2017,Oct,40,1,275,2,0,0,Monday,TRUE,Fall, ,40,1
940,940,2017,Oct,40,1,276,3,0,0,Tuesday,TRUE,Fall, ,40,1
941,941,2017,Oct,40,1,277,4,0,0,Wednesday,TRUE,Fall, ,40,1
942,942,2017,Oct,40,1,278,5,0,0,Thursday,TRUE,Fall, ,40,1
943,943,2017,Oct,40,1,279,6,0,0,Friday,TRUE,Fall, ,40,1
944,944,2017,Oct,40,1,280,7,0,0,Saturday,FALSE,Fall, ,40,1
945,945,2017,Oct,41,2,281,8,0,0,Sunday,FALSE,Fall, ,40,2
946,946,2017,Oct,41,2,282,9,0,0,Monday,TRUE,Fall, ,41,2
947,947,2017,Oct,41,2,283,10,0,0,Tuesday,TRUE,Fall, ,41,2
948,948,2017,Oct,41,2,284,11,0,0,Wednesday,TRUE,Fall, ,41,2
949,949,2017,Oct,41,2,285,12,0,0,Thursday,TRUE,Fall, ,41,2
950,950,2017,Oct,41,2,286,13,0,0,Friday,TRUE,Fall, ,41,2
951,951,2017,Oct,41,2,287,14,0,0,Saturday,FALSE,Fall, ,41,2
952,952,2017,Oct,42,3,288,15,0,0,Sunday,FALSE,Fall, ,41,3
953,953,2017,Oct,42,3,289,16,0,0,Monday,TRUE,Fall, ,42,3
954,954,2017,Oct,42,3,290,17,0,0,Tuesday,TRUE,Fall, ,42,3
955,955,2017,Oct,42,3,291,18,0,0,Wednesday,TRUE,Fall, ,42,3
956,956,2017,Oct,42,3,292,19,0,0,Thursday,TRUE,Fall, ,42,3
957,957,2017,Oct,42,3,293,20,0,0,Friday,TRUE,Fall, ,42,3
958,958,2017,Oct,42,3,294,21,0,0,Saturday,FALSE,Fall, ,42,3
959,959,2017,Oct,43,4,295,22,0,0,Sunday,FALSE,Fall, ,42,4
960,960,2017,Oct,43,4,296,23,0,0,Monday,TRUE,Fall, ,43,4
961,961,2017,Oct,43,4,297,24,0,0,Tuesday,TRUE,Fall, ,43,4
962,962,2017,Oct,43,4,298,25,0,0,Wednesday,TRUE,Fall, ,43,4
963,963,2017,Oct,43,4,299,26,0,0,Thursday,TRUE,Fall, ,43,4
964,964,2017,Oct,43,4,300,27,0,0,Friday,TRUE,Fall, ,43,4
965,965,2017,Oct,43,4,301,28,0,0,Saturday,FALSE,Fall, ,43,4
966,966,2017,Oct,44,5,302,29,0,0,Sunday,FALSE,Fall, ,43,5
967,967,2017,Oct,44,5,303,30,0,0,Monday,TRUE,Fall, ,44,5
968,968,2017,Oct,44,5,304,31,0,0,Tuesday,TRUE,Fall, ,44,5
969,969,2017,Nov,44,1,305,1,0,0,Wednesday,TRUE,Fall, ,44,1
970,970,2017,Nov,44,1,306,2,0,0,Thursday,TRUE,Fall, ,44,1
971,971,2017,Nov,44,1,307,3,0,0,Friday,TRUE,Fall, ,44,1
972,972,2017,Nov,44,1,308,4,0,0,Saturday,FALSE,Fall, ,44,1
973,973,2017,Nov,45,2,309,5,0,0,Sunday,FALSE,Fall, ,44,2
974,974,2017,Nov,45,2,310,6,0,0,Monday,TRUE,Fall, ,45,2
975,975,2017,Nov,45,2,311,7,0,0,Tuesday,TRUE,Fall, ,45,2
976,976,2017,Nov,45,2,312,8,0,0,Wednesday,TRUE,Fall, ,45,2
977,977,2017,Nov,45,2,313,9,0,0,Thursday,TRUE,Fall, ,45,2
978,978,2017,Nov,45,2,314,10,0,0,Friday,TRUE,Fall, ,45,2
979,979,2017,Nov,45,2,315,11,0,0,Saturday,FALSE,Fall, ,45,2
980,980,2017,Nov,46,3,316,12,0,0,Sunday,FALSE,Fall, ,45,3
981,981,2017,Nov,46,3,317,13,0,0,Monday,TRUE,Fall, ,46,3
982,982,2017,Nov,46,3,318,14,0,0,Tuesday,TRUE,Fall, ,46,3
983,983,2017,Nov,46,3,319,15,0,0,Wednesday,TRUE,Fall, ,46,3
984,984,2017,Nov,46,3,320,16,0,0,Thursday,TRUE,Fall, ,46,3
985,985,2017,Nov,46,3,321,17,0,0,Friday,TRUE,Fall, ,46,3
986,986,2017,Nov,46,3,322,18,0,0,Saturday,FALSE,Fall, ,46,3
987,987,2017,Nov,47,4,323,19,0,0,Sunday,FALSE,Fall, ,46,4
988,988,2017,Nov,47,4,324,20,0,0,Monday,TRUE,Fall, ,47,4
989,989,2017,Nov,47,4,325,21,0,0,Tuesday,TRUE,Fall, ,47,4
990,990,2017,Nov,47,4,326,22,0,0,Wednesday,TRUE,Fall, ,47,4
991,991,2017,Nov,47,4,327,23,0,0,Thursday,FALSE,Fall, ,47,4
992,992,2017,Nov,47,4,328,24,0,0,Friday,TRUE,Fall, ,47,4
993,993,2017,Nov,47,4,329,25,0,0,Saturday,FALSE,Fall, ,47,4
994,994,2017,Nov,48,5,330,26,0,0,Sunday,FALSE,Fall, ,47,5
995,995,2017,Nov,48,5,331,27,0,0,Monday,TRUE,Fall, ,48,5
996,996,2017,Nov,48,5,332,28,0,0,Tuesday,TRUE,Fall, ,48,5
997,997,2017,Nov,48,5,333,29,0,0,Wednesday,TRUE,Fall, ,48,5
998,998,2017,Nov,48,5,334,30,0,0,Thursday,TRUE,Fall, ,48,5
999,999,2017,Dec,48,1,335,1,0,0,Friday,TRUE,Fall, ,48,1
1000,1000,2017,Dec,48,1,336,2,0,0,Saturday,FALSE,Fall, ,48,1
1001,1001,2017,Dec,49,2,337,3,0,0,Sunday,FALSE,Fall, ,48,2
1002,1002,2017,Dec,49,2,338,4,0,0,Monday,TRUE,Fall, ,49,2
1003,1003,2017,Dec,49,2,339,5,0,0,Tuesday,TRUE,Fall, ,49,2
1004,1004,2017,Dec,49,2,340,6,0,0,Wednesday,TRUE,Fall, ,49,2
1005,1005,2017,Dec,49,2,341,7,0,0,Thursday,TRUE,Fall, ,49,2
1006,1006,2017,Dec,49,2,342,8,0,0,Friday,TRUE,Fall, ,49,2
1007,1007,2017,Dec,49,2,343,9,0,0,Saturday,FALSE,Fall,Intention to Submit Form,49,2
1008,1008,2017,Dec,50,3,344,10,0,0,Sunday,FALSE,Fall, ,49,3
1009,1009,2017,Dec,50,3,345,11,0,0,Monday,TRUE,Fall, ,50,3
1010,1010,2017,Dec,50,3,346,12,0,0,Tuesday,TRUE,Fall, ,50,3
1011,1011,2017,Dec,50,3,347,13,0,0,Wednesday,TRUE,Fall, ,50,3
1012,1012,2017,Dec,50,3,348,14,0,0,Thursday,TRUE,Fall, ,50,3
1013,1013,2017,Dec,50,3,349,15,0,0,Friday,TRUE,Winter, ,50,3
1014,1014,2017,Dec,50,3,350,16,0,0,Saturday,FALSE,Winter, ,50,3
1015,1015,2017,Dec,51,4,351,17,0,0,Sunday,FALSE,Winter, ,50,4
1016,1016,2017,Dec,51,4,352,18,0,0,Monday,TRUE,Winter, ,51,4
1017,1017,2017,Dec,51,4,353,19,0,0,Tuesday,TRUE,Winter, ,51,4
1018,1018,2017,Dec,51,4,354,20,0,0,Wednesday,TRUE,Winter, ,51,4
1019,1019,2017,Dec,51,4,355,21,0,0,Thursday,TRUE,Winter, ,51,4
1020,1020,2017,Dec,51,4,356,22,0,0,Friday,TRUE,Winter, ,51,4
1021,1021,2017,Dec,51,4,357,23,0,0,Saturday,FALSE,Winter, ,51,4
1022,1022,2017,Dec,52,5,358,24,0,0,Sunday,FALSE,Winter, ,51,5
1023,1023,2017,Dec,52,5,359,25,0,0,Monday,FALSE,Winter, ,52,5
1024,1024,2017,Dec,52,5,360,26,0,0,Tuesday,TRUE,Winter, ,52,5
1025,1025,2017,Dec,52,5,361,27,0,0,Wednesday,TRUE,Winter, ,52,5
1026,1026,2017,Dec,52,5,362,28,0,0,Thursday,TRUE,Winter, ,52,5
1027,1027,2017,Dec,52,5,363,29,0,0,Friday,TRUE,Winter, ,52,5
1028,1028,2017,Dec,52,5,364,30,0,0,Saturday,FALSE,Winter, ,52,5
1029,1029,2017,Dec,53,6,365,31,0,0,Sunday,FALSE,Winter, ,52,6
1030,1030,2018,Jan,1,1,1,1,0,0,Monday,FALSE,Winter, ,1,1
1031,1031,2018,Jan,1,1,2,2,0,0,Tuesday,TRUE,Winter, ,1,1
1032,1032,2018,Jan,1,1,3,3,0,0,Wednesday,TRUE,Winter, ,1,1
1033,1033,2018,Jan,1,1,4,4,0,0,Thursday,TRUE,Winter, ,1,1
1034,1034,2018,Jan,1,1,5,5,0,0,Friday,TRUE,Winter, ,1,1
1035,1035,2018,Jan,1,1,6,6,0,0,Saturday,FALSE,Winter, ,1,1
1036,1036,2018,Jan,1,2,7,7,0,0,Sunday,FALSE,Winter, ,1,2
1037,1037,2018,Jan,2,2,8,8,0,0,Monday,TRUE,Winter, ,2,2
1038,1038,2018,Jan,2,2,9,9,0,0,Tuesday,TRUE,Winter, ,2,2
1039,1039,2018,Jan,2,2,10,10,0,0,Wednesday,TRUE,Winter, ,2,2
1040,1040,2018,Jan,2,2,11,11,0,0,Thursday,TRUE,Winter, ,2,2
1041,1041,2018,Jan,2,2,12,12,0,0,Friday,TRUE,Winter, ,2,2
1042,1042,2018,Jan,2,2,13,13,0,0,Saturday,FALSE,Winter, ,2,2
1043,1043,2018,Jan,2,3,14,14,0,0,Sunday,FALSE,Winter, ,2,3
1044,1044,2018,Jan,3,3,15,15,0,0,Monday,FALSE,Winter, ,3,3
1045,1045,2018,Jan,3,3,16,16,0,0,Tuesday,TRUE,Winter, ,3,3
1046,1046,2018,Jan,3,3,17,17,0,0,Wednesday,TRUE,Winter, ,3,3
1047,1047,2018,Jan,3,3,18,18,0,0,Thursday,TRUE,Winter, ,3,3
1048,1048,2018,Jan,3,3,19,19,0,0,Friday,TRUE,Winter, ,3,3
1049,1049,2018,Jan,3,3,20,20,0,0,Saturday,FALSE,Winter, ,3,3
1050,1050,2018,Jan,3,4,21,21,0,0,Sunday,FALSE,Winter, ,3,4
1051,1051,2018,Jan,4,4,22,22,0,0,Monday,TRUE,Winter, ,4,4
1052,1052,2018,Jan,4,4,23,23,0,0,Tuesday,TRUE,Winter, ,4,4
1053,1053,2018,Jan,4,4,24,24,0,0,Wednesday,TRUE,Winter, ,4,4
1054,1054,2018,Jan,4,4,25,25,0,0,Thursday,TRUE,Winter, ,4,4
1055,1055,2018,Jan,4,4,26,26,0,0,Friday,TRUE,Winter, ,4,4
1056,1056,2018,Jan,4,4,27,27,0,0,Saturday,FALSE,Winter, ,4,4
1057,1057,2018,Jan,4,5,28,28,0,0,Sunday,FALSE,Winter, ,4,5
1058,1058,2018,Jan,5,5,29,29,0,0,Monday,TRUE,Winter, ,5,5
1059,1059,2018,Jan,5,5,30,30,0,0,Tuesday,TRUE,Winter, ,5,5
1060,1060,2018,Jan,5,5,31,31,0,0,Wednesday,TRUE,Winter, ,5,5
1061,1061,2018,Feb,5,1,32,1,0,0,Thursday,TRUE,Winter, ,5,1
1062,1062,2018,Feb,5,1,33,2,0,0,Friday,TRUE,Winter, ,5,1
1063,1063,2018,Feb,5,1,34,3,0,0,Saturday,FALSE,Winter, ,5,1
1064,1064,2018,Feb,5,2,35,4,0,0,Sunday,FALSE,Winter, ,5,2
1065,1065,2018,Feb,6,2,36,5,0,0,Monday,TRUE,Winter, ,6,2
1066,1066,2018,Feb,6,2,37,6,0,0,Tuesday,TRUE,Winter, ,6,2
1067,1067,2018,Feb,6,2,38,7,0,0,Wednesday,TRUE,Winter, ,6,2
1068,1068,2018,Feb,6,2,39,8,0,0,Thursday,TRUE,Winter, ,6,2
1069,1069,2018,Feb,6,2,40,9,0,0,Friday,TRUE,Winter, ,6,2
1070,1070,2018,Feb,6,2,41,10,0,0,Saturday,FALSE,Winter, ,6,2
1071,1071,2018,Feb,6,3,42,11,0,0,Sunday,FALSE,Winter, ,6,3
1072,1072,2018,Feb,7,3,43,12,0,0,Monday,TRUE,Winter, ,7,3
1073,1073,2018,Feb,7,3,44,13,0,0,Tuesday,TRUE,Winter, ,7,3
1074,1074,2018,Feb,7,3,45,14,0,0,Wednesday,TRUE,Winter, ,7,3
1075,1075,2018,Feb,7,3,46,15,0,0,Thursday,TRUE,Winter, ,7,3
1076,1076,2018,Feb,7,3,47,16,0,0,Friday,TRUE,Winter, ,7,3
1077,1077,2018,Feb,7,3,48,17,0,0,Saturday,FALSE,Winter, ,7,3
1078,1078,2018,Feb,7,4,49,18,0,0,Sunday,FALSE,Winter, ,7,4
1079,1079,2018,Feb,8,4,50,19,0,0,Monday,FALSE,Winter, ,8,4
1080,1080,2018,Feb,8,4,51,20,0,0,Tuesday,TRUE,Winter, ,8,4
1081,1081,2018,Feb,8,4,52,21,0,0,Wednesday,TRUE,Winter, ,8,4
1082,1082,2018,Feb,8,4,53,22,0,0,Thursday,TRUE,Winter, ,8,4
1083,1083,2018,Feb,8,4,54,23,0,0,Friday,TRUE,Winter, ,8,4
1084,1084,2018,Feb,8,4,55,24,0,0,Saturday,FALSE,Winter, ,8,4
1085,1085,2018,Feb,8,5,56,25,0,0,Sunday,FALSE,Winter, ,8,5
1086,1086,2018,Feb,9,5,57,26,0,0,Monday,TRUE,Winter, ,9,5
1087,1087,2018,Feb,9,5,58,27,0,0,Tuesday,TRUE,Winter, ,9,5
1088,1088,2018,Feb,9,5,59,28,0,0,Wednesday,TRUE,Winter, ,9,5
1089,1089,2018,Mar,9,1,60,1,0,0,Thursday,TRUE,Winter, ,9,1
1090,1090,2018,Mar,9,1,61,2,0,0,Friday,TRUE,Winter, ,9,1
1091,1091,2018,Mar,9,1,62,3,0,0,Saturday,FALSE,Winter, ,9,1
1092,1092,2018,Mar,9,2,63,4,0,0,Sunday,FALSE,Winter, ,9,2
1093,1093,2018,Mar,10,2,64,5,0,0,Monday,TRUE,Winter, ,10,2
1094,1094,2018,Mar,10,2,65,6,0,0,Tuesday,TRUE,Winter, ,10,2
1095,1095,2018,Mar,10,2,66,7,0,0,Wednesday,TRUE,Winter, ,10,2
1096,1096,2018,Mar,10,2,67,8,0,0,Thursday,TRUE,Winter,Submission :-),10,2
